critic,beta,key,method,variant,bound,seconds
MLP,0.0,0:MLP:contact:4096:16:values,Contact,values,0.7398149153341365,34.31905120011652
MLP,0.0,0:MLP:contact:4096:16:filtered,Contact,filtered,0.5700828097942576,86.89684260002105
MLP,0.0,0:MLP:contact:4096:32:values,Contact,values,0.7790294185833773,33.14073779952014
MLP,0.0,0:MLP:contact:4096:32:filtered,Contact,filtered,0.5370254916897466,85.26853419997497
MLP,0.0,0:MLP:contact:4096:64:values,Contact,values,1.1070789779341794,32.61721529997885
MLP,0.0,0:MLP:contact:4096:64:filtered,Contact,filtered,0.5313647565935753,84.5418469000142
MLP,0.0,0:MLP:contact:16384:16:values,Contact,values,0.6571740858526027,41.08381099981489
MLP,0.0,0:MLP:contact:16384:16:filtered,Contact,filtered,0.5633046312095757,96.2405058000586
MLP,0.0,0:MLP:contact:16384:32:values,Contact,values,0.6582358031364492,36.337245600356255
MLP,0.0,0:MLP:contact:16384:32:filtered,Contact,filtered,0.5245738153917046,89.64937300002202
MLP,0.0,0:MLP:contact:16384:64:values,Contact,values,0.7709065872631982,34.26607190008508
MLP,0.0,0:MLP:contact:16384:64:filtered,Contact,filtered,0.5072211539127238,86.77899139997317
MLP,0.0,0:MLP:bellman:16384:16:0:lipschitz,Bellman,lipschitz,0.4912251715450111,32.61339209997095
MLP,0.0,0:MLP:bellman:16384:16:0:derivative,Bellman,derivative,0.4912251715304592,84.34397940000053
MLP,0.0,0:MLP:bellman:16384:32:0:lipschitz,Bellman,lipschitz,0.6144366514581634,32.60762829997111
MLP,0.0,0:MLP:bellman:16384:32:0:derivative,Bellman,derivative,0.6144366514290596,84.33765990001848
MLP,0.0,0:MLP:bellman:16384:64:0:lipschitz,Bellman,lipschitz,1.0478036799422625,32.60561060003238
MLP,0.0,0:MLP:bellman:16384:64:0:derivative,Bellman,derivative,1.0478036798840549,84.33582000003662
MLP,0.0,0:MLP:bellman:65536:16:0:lipschitz,Bellman,lipschitz,0.48761383303281036,34.19647539994912
MLP,0.0,0:MLP:bellman:65536:16:0:derivative,Bellman,derivative,0.48761383301825845,85.94078330002958
MLP,0.0,0:MLP:bellman:65536:32:0:lipschitz,Bellman,lipschitz,0.6078685840075195,34.18313559994567
MLP,0.0,0:MLP:bellman:65536:32:0:derivative,Bellman,derivative,0.6078685839775062,85.91346270003123
MLP,0.0,0:MLP:bellman:65536:64:0:lipschitz,Bellman,lipschitz,1.0358672758247849,34.16323319997173
MLP,0.0,0:MLP:bellman:65536:64:0:derivative,Bellman,derivative,1.0358672757656677,85.89814829995157
MLP,0.25,1:MLP:contact:4096:16:values,Contact,values,0.8992876234306095,34.42594340030337
MLP,0.25,1:MLP:contact:4096:16:filtered,Contact,filtered,0.6866725272930125,87.00823100004345
MLP,0.25,1:MLP:contact:4096:32:values,Contact,values,0.953965478189275,33.20992550026858
MLP,0.25,1:MLP:contact:4096:32:filtered,Contact,filtered,0.6523682897659455,85.37304700003006
MLP,0.25,1:MLP:contact:4096:64:values,Contact,values,1.3814732396967884,32.61688890005462
MLP,0.25,1:MLP:contact:4096:64:filtered,Contact,filtered,0.6503544662518834,84.54313389997697
MLP,0.25,1:MLP:contact:16384:16:values,Contact,values,0.7954649370140032,41.408778900804464
MLP,0.25,1:MLP:contact:16384:16:filtered,Contact,filtered,0.6779491113520635,96.59534200001508
MLP,0.25,1:MLP:contact:16384:32:values,Contact,values,0.8030757943361095,36.6081103993929
MLP,0.25,1:MLP:contact:16384:32:filtered,Contact,filtered,0.6365032582025378,90.07142080005724
MLP,0.25,1:MLP:contact:16384:64:values,Contact,values,0.9607899135244224,34.24495959910564
MLP,0.25,1:MLP:contact:16384:64:filtered,Contact,filtered,0.6178523455710092,86.74804259999655
MLP,0.25,1:MLP:bellman:16384:16:2:lipschitz,Bellman,lipschitz,0.5413289073085252,32.6886498000822
MLP,0.25,1:MLP:bellman:16384:16:2:derivative,Bellman,derivative,0.5406518943600531,84.41971360007301
MLP,0.25,1:MLP:bellman:16384:16:8:lipschitz,Bellman,lipschitz,0.539410959298948,33.20963080000365
MLP,0.25,1:MLP:bellman:16384:16:8:derivative,Bellman,derivative,0.5387356581750282,84.94122990005417
MLP,0.25,1:MLP:bellman:16384:32:2:lipschitz,Bellman,lipschitz,0.6646300624815922,32.680703999940306
MLP,0.25,1:MLP:bellman:16384:32:2:derivative,Bellman,derivative,0.6645685298644821,84.41086459998041
MLP,0.25,1:MLP:bellman:16384:32:8:lipschitz,Bellman,lipschitz,0.6642264158308535,33.199589500029106
MLP,0.25,1:MLP:bellman:16384:32:8:derivative,Bellman,derivative,0.6641648369504765,84.93022010003915
MLP,0.25,1:MLP:bellman:16384:64:2:lipschitz,Bellman,lipschitz,1.1350494095586328,32.67088649998186
MLP,0.25,1:MLP:bellman:16384:64:2:derivative,Bellman,derivative,1.1350128057056281,84.40203060000204
MLP,0.25,1:MLP:bellman:16384:64:8:lipschitz,Bellman,lipschitz,1.1350143555391696,33.17281960003311
MLP,0.25,1:MLP:bellman:16384:64:8:derivative,Bellman,derivative,1.1349777516870745,84.90335290005896
MLP,0.25,1:MLP:bellman:65536:16:2:lipschitz,Bellman,lipschitz,0.5375608411568464,34.51648750004824
MLP,0.25,1:MLP:bellman:65536:16:2:derivative,Bellman,derivative,0.5368658489942391,86.25621650001267
MLP,0.25,1:MLP:bellman:65536:16:8:lipschitz,Bellman,lipschitz,0.5356464425776721,36.603894499945454
MLP,0.25,1:MLP:bellman:65536:16:8:derivative,Bellman,derivative,0.5349496740118411,88.34113050001906
MLP,0.25,1:MLP:bellman:65536:32:2:lipschitz,Bellman,lipschitz,0.6574253799790313,34.460368500091136
MLP,0.25,1:MLP:bellman:65536:32:2:derivative,Bellman,derivative,0.6573645457392558,86.19753910007421
MLP,0.25,1:MLP:bellman:65536:32:8:lipschitz,Bellman,lipschitz,0.657021710182562,36.51332329999423
MLP,0.25,1:MLP:bellman:65536:32:8:derivative,Bellman,derivative,0.6569608759427865,88.2394714000402
MLP,0.25,1:MLP:bellman:65536:64:2:lipschitz,Bellman,lipschitz,1.1238656172381525,34.464682599995285
MLP,0.25,1:MLP:bellman:65536:64:2:derivative,Bellman,derivative,1.1238290051724107,86.19837080000434
MLP,0.25,1:MLP:bellman:65536:64:8:lipschitz,Bellman,lipschitz,1.1238306117920729,36.4731274000369
MLP,0.25,1:MLP:bellman:65536:64:8:derivative,Bellman,derivative,1.123793999726331,88.19720480003161
MLP,0.5,2:MLP:contact:4096:16:values,Contact,values,1.058760275822351,34.456694900407456
MLP,0.5,2:MLP:contact:4096:16:filtered,Contact,filtered,0.8033257593415328,87.08196699997643
MLP,0.5,2:MLP:contact:4096:32:values,Contact,values,1.1289014866297293,33.21185339987278
MLP,0.5,2:MLP:contact:4096:32:filtered,Contact,filtered,0.767711087841235,85.38035480002873
MLP,0.5,2:MLP:contact:4096:64:values,Contact,values,1.6558674721209172,32.61843489995226
MLP,0.5,2:MLP:contact:4096:64:filtered,Contact,filtered,0.7783397653929569,84.54386119998526
MLP,0.5,2:MLP:contact:16384:16:values,Contact,values,0.9337557276694497,41.45574620028492
MLP,0.5,2:MLP:contact:16384:16:filtered,Contact,filtered,0.7925935252824274,96.65178630000446
MLP,0.5,2:MLP:contact:16384:32:values,Contact,values,0.9479157855357698,36.578125498781446
MLP,0.5,2:MLP:contact:16384:32:filtered,Contact,filtered,0.7484327010142806,90.03982690005796
MLP,0.5,2:MLP:contact:16384:64:values,Contact,values,1.1506732397847372,34.25539260049118
MLP,0.5,2:MLP:contact:16384:64:filtered,Contact,filtered,0.7284835372274756,86.76797370001441
MLP,0.5,2:MLP:bellman:16384:16:2:lipschitz,Bellman,lipschitz,0.5836727709984189,32.68363679997856
MLP,0.5,2:MLP:bellman:16384:16:2:derivative,Bellman,derivative,0.5830003600040072,84.4142700000084
MLP,0.5,2:MLP:bellman:16384:16:8:lipschitz,Bellman,lipschitz,0.5794099670129071,33.2107920999988
MLP,0.5,2:MLP:bellman:16384:16:8:derivative,Bellman,derivative,0.5787375560184955,84.94065210002009
MLP,0.5,2:MLP:bellman:16384:32:2:lipschitz,Bellman,lipschitz,0.6993295281399696,32.67887120001251
MLP,0.5,2:MLP:bellman:16384:32:2:derivative,Bellman,derivative,0.6988163308687945,84.40993550000712
MLP,0.5,2:MLP:bellman:16384:32:8:lipschitz,Bellman,lipschitz,0.6985635046976313,33.199314500030596
MLP,0.5,2:MLP:bellman:16384:32:8:derivative,Bellman,derivative,0.6980505143237679,84.92108210001606
MLP,0.5,2:MLP:bellman:16384:64:2:lipschitz,Bellman,lipschitz,1.1761977443675278,32.67377229995327
MLP,0.5,2:MLP:bellman:16384:64:2:derivative,Bellman,derivative,1.1761089141373304,84.40445499995258
MLP,0.5,2:MLP:bellman:16384:64:8:lipschitz,Bellman,lipschitz,1.176112854394887,33.178246600029524
MLP,0.5,2:MLP:bellman:16384:64:8:derivative,Bellman,derivative,1.1760240241646898,84.90801910002483
MLP,0.5,2:MLP:bellman:65536:16:2:lipschitz,Bellman,lipschitz,0.5798829870636837,34.48984130000463
MLP,0.5,2:MLP:bellman:65536:16:2:derivative,Bellman,derivative,0.5790309182320925,86.22717450000346
MLP,0.5,2:MLP:bellman:65536:16:8:lipschitz,Bellman,lipschitz,0.5756197251712365,36.609932799998205
MLP,0.5,2:MLP:bellman:65536:16:8:derivative,Bellman,derivative,0.5747679615960806,88.34479649999412
MLP,0.5,2:MLP:bellman:65536:32:2:lipschitz,Bellman,lipschitz,0.6919455027700678,34.46493509999709
MLP,0.5,2:MLP:bellman:65536:32:2:derivative,Bellman,derivative,0.6914323054988927,86.20520730002318
MLP,0.5,2:MLP:bellman:65536:32:8:lipschitz,Bellman,lipschitz,0.6911794793277295,36.51615260000108
MLP,0.5,2:MLP:bellman:65536:32:8:derivative,Bellman,derivative,0.6906664889538661,88.25077070004772
MLP,0.5,2:MLP:bellman:65536:64:2:lipschitz,Bellman,lipschitz,1.1663453495611975,34.46335699997144
MLP,0.5,2:MLP:bellman:65536:64:2:derivative,Bellman,derivative,1.165242129373837,86.20010660000844
MLP,0.5,2:MLP:bellman:65536:64:8:lipschitz,Bellman,lipschitz,1.1660589577159044,36.56546429998707
MLP,0.5,2:MLP:bellman:65536:64:8:derivative,Bellman,derivative,1.16515748168149,88.30167010001605
Min2,0.0,0:Min2:contact:4096:16:values,Contact,values,0.8543378928943639,64.12633029988501
Min2,0.0,0:Min2:contact:4096:16:filtered,Contact,filtered,0.6724538960324935,165.00452120002592
Min2,0.0,0:Min2:contact:4096:32:values,Contact,values,0.8713820658422264,62.96677660004934
Min2,0.0,0:Min2:contact:4096:32:filtered,Contact,filtered,0.6209037599583098,163.39462680002907
Min2,0.0,0:Min2:contact:4096:64:values,Contact,values,0.9527183193695237,62.45472499990137
Min2,0.0,0:Min2:contact:4096:64:filtered,Contact,filtered,0.6065584623920586,162.684784400044
Min2,0.0,0:Min2:contact:16384:16:values,Contact,values,0.7656398279696077,70.83407240075758
Min2,0.0,0:Min2:contact:16384:16:filtered,Contact,filtered,0.6652457808040708,174.21240160003072
Min2,0.0,0:Min2:contact:16384:32:values,Contact,values,0.7461414002400488,66.1368060997338
Min2,0.0,0:Min2:contact:16384:32:filtered,Contact,filtered,0.6078260948306706,167.7716132000205
Min2,0.0,0:Min2:contact:16384:64:values,Contact,values,0.774328332830919,64.08035030006431
Min2,0.0,0:Min2:contact:16384:64:filtered,Contact,filtered,0.5822634568357898,164.885459800018
Min2,0.0,0:Min2:bellman:16384:16:0:lipschitz,Bellman,lipschitz,0.5682869409383784,62.45671180001227
Min2,0.0,0:Min2:bellman:16384:16:0:derivative,Bellman,derivative,0.5682869409083651,162.50517240003683
Min2,0.0,0:Min2:bellman:16384:32:0:lipschitz,Bellman,lipschitz,0.5865629726795305,62.45206410001265
Min2,0.0,0:Min2:bellman:16384:32:0:derivative,Bellman,derivative,0.5865629726504267,162.49218940001447
Min2,0.0,0:Min2:bellman:16384:64:0:lipschitz,Bellman,lipschitz,0.9660925039506765,62.44920250005089
Min2,0.0,0:Min2:bellman:16384:64:0:derivative,Bellman,derivative,0.9660925038924688,162.48845040000742
Min2,0.0,0:Min2:bellman:65536:16:0:lipschitz,Bellman,lipschitz,0.5647231125149119,64.05267240002286
Min2,0.0,0:Min2:bellman:65536:16:0:derivative,Bellman,derivative,0.5647231124848986,164.09110670001246
Min2,0.0,0:Min2:bellman:65536:32:0:lipschitz,Bellman,lipschitz,0.5796225685971876,64.0226920999703
Min2,0.0,0:Min2:bellman:65536:32:0:derivative,Bellman,derivative,0.5796225685680838,164.06854270002805
Min2,0.0,0:Min2:bellman:65536:64:0:lipschitz,Bellman,lipschitz,0.9533952201836655,64.00846530002309
Min2,0.0,0:Min2:bellman:65536:64:0:derivative,Bellman,derivative,0.9533952201254579,164.0501312999986
Min2,0.25,1:Min2:contact:4096:16:values,Contact,values,0.8659043606912746,64.18057180003962
Min2,0.25,1:Min2:contact:4096:16:filtered,Contact,filtered,0.6874280935016941,165.03275410004426
Min2,0.25,1:Min2:contact:4096:32:values,Contact,values,0.8854281285375691,63.01143080013571
Min2,0.25,1:Min2:contact:4096:32:filtered,Contact,filtered,0.6291761136890273,163.46119450003607
Min2,0.25,1:Min2:contact:4096:64:values,Contact,values,0.9763602691227788,62.45573930023238
Min2,0.25,1:Min2:contact:4096:64:filtered,Contact,filtered,0.6143940756974189,162.6864984999993
Min2,0.25,1:Min2:contact:16384:16:values,Contact,values,0.7776654362023692,70.95185820100596
Min2,0.25,1:Min2:contact:16384:16:filtered,Contact,filtered,0.6794207665416252,174.2797118999879
Min2,0.25,1:Min2:contact:16384:32:values,Contact,values,0.7558850175246334,66.30565549863968
Min2,0.25,1:Min2:contact:16384:32:filtered,Contact,filtered,0.6144204611819077,168.02215610002168
Min2,0.25,1:Min2:contact:16384:64:values,Contact,values,0.7868568124267767,64.06573869893327
Min2,0.25,1:Min2:contact:16384:64:filtered,Contact,filtered,0.5859882572694914,164.86271730001317
Min2,0.25,1:Min2:bellman:16384:16:2:lipschitz,Bellman,lipschitz,0.5540356357951168,62.53193520003697
Min2,0.25,1:Min2:bellman:16384:16:2:derivative,Bellman,derivative,0.5534116871067454,162.57181460002903
Min2,0.25,1:Min2:bellman:16384:16:8:lipschitz,Bellman,lipschitz,0.552658725378933,63.05337410001084
Min2,0.25,1:Min2:bellman:16384:16:8:derivative,Bellman,derivative,0.5520339365921245,163.09382680000272
Min2,0.25,1:Min2:bellman:16384:32:2:lipschitz,Bellman,lipschitz,0.6564552364661722,62.52391889994033
Min2,0.25,1:Min2:bellman:16384:32:2:derivative,Bellman,derivative,0.6560385674792997,162.5632903999649
Min2,0.25,1:Min2:bellman:16384:32:8:lipschitz,Bellman,lipschitz,0.6560506119985803,63.0429843000602
Min2,0.25,1:Min2:bellman:16384:32:8:derivative,Bellman,derivative,0.6556340367196754,163.081857400015
Min2,0.25,1:Min2:bellman:16384:64:2:lipschitz,Bellman,lipschitz,1.012911653773699,62.51440039998852
Min2,0.25,1:Min2:bellman:16384:64:2:derivative,Bellman,derivative,1.0126329331897068,162.5534128000727
Min2,0.25,1:Min2:bellman:16384:64:8:lipschitz,Bellman,lipschitz,1.0127838182379492,63.0153505000053
Min2,0.25,1:Min2:bellman:16384:64:8:derivative,Bellman,derivative,1.012505097653957,163.0554275000468
Min2,0.25,1:Min2:bellman:65536:16:2:lipschitz,Bellman,lipschitz,0.5503900204676029,64.36287200002698
Min2,0.25,1:Min2:bellman:65536:16:2:derivative,Bellman,derivative,0.5496740678590868,164.40884930005996
Min2,0.25,1:Min2:bellman:65536:16:8:lipschitz,Bellman,lipschitz,0.5490125333890319,66.45028139994247
Min2,0.25,1:Min2:bellman:65536:16:8:derivative,Bellman,derivative,0.5482962909554772,166.4989766999497
Min2,0.25,1:Min2:bellman:65536:32:2:lipschitz,Bellman,lipschitz,0.6493455572681341,64.30462680011988
Min2,0.25,1:Min2:bellman:65536:32:2:derivative,Bellman,derivative,0.6489274893101538,164.3490788001218
Min2,0.25,1:Min2:bellman:65536:32:8:lipschitz,Bellman,lipschitz,0.648940956271872,66.34614070004318
Min2,0.25,1:Min2:bellman:65536:32:8:derivative,Bellman,derivative,0.648522946873527,166.38889270002255
Min2,0.25,1:Min2:bellman:65536:64:2:lipschitz,Bellman,lipschitz,1.0017625384434723,64.30309060006402
Min2,0.25,1:Min2:bellman:65536:64:2:derivative,Bellman,derivative,1.0017112446412284,164.3512370000244
Min2,0.25,1:Min2:bellman:65536:64:8:lipschitz,Bellman,lipschitz,1.001706639666736,66.30590080004185
Min2,0.25,1:Min2:bellman:65536:64:8:derivative,Bellman,derivative,1.0016553458635826,166.35229140002048
Min2,0.5,2:Min2:contact:4096:16:values,Contact,values,0.9434743550409621,64.24083549983334
Min2,0.5,2:Min2:contact:4096:16:filtered,Contact,filtered,0.7491365535533987,165.12579010002082
Min2,0.5,2:Min2:contact:4096:32:values,Contact,values,0.956092698309476,63.0204289999092
Min2,0.5,2:Min2:contact:4096:32:filtered,Contact,filtered,0.6791960698456023,163.47950950002996
Min2,0.5,2:Min2:contact:4096:64:values,Contact,values,1.0501912697891385,62.45765469968319
Min2,0.5,2:Min2:contact:4096:64:filtered,Contact,filtered,0.6610920803932459,162.6869885000051
Min2,0.5,2:Min2:contact:16384:16:values,Contact,values,0.8466857417133724,71.17858039896237
Min2,0.5,2:Min2:contact:16384:16:filtered,Contact,filtered,0.739564708402213,174.6369239000487
Min2,0.5,2:Min2:contact:16384:32:values,Contact,values,0.8147375436956281,66.34811540041119
Min2,0.5,2:Min2:contact:16384:32:filtered,Contact,filtered,0.6620766761961931,168.07257550006034
Min2,0.5,2:Min2:contact:16384:64:values,Contact,values,0.844193277530394,64.07210929947905
Min2,0.5,2:Min2:contact:16384:64:filtered,Contact,filtered,0.6283871365003506,164.87176810007077
Min2,0.5,2:Min2:bellman:16384:16:2:lipschitz,Bellman,lipschitz,0.5655359512156792,62.52668650000123
Min2,0.5,2:Min2:bellman:16384:16:2:derivative,Bellman,derivative,0.5648436431365553,162.5669995000353
Min2,0.5,2:Min2:bellman:16384:16:8:lipschitz,Bellman,lipschitz,0.5625044777270887,63.05171450000489
Min2,0.5,2:Min2:bellman:16384:16:8:derivative,Bellman,derivative,0.5618123126914725,163.09208110003965
Min2,0.5,2:Min2:bellman:16384:32:2:lipschitz,Bellman,lipschitz,0.698929543776103,62.522151500044856
Min2,0.5,2:Min2:bellman:16384:32:2:derivative,Bellman,derivative,0.6977934034230202,162.56159749999642
Min2,0.5,2:Min2:bellman:16384:32:8:lipschitz,Bellman,lipschitz,0.6981620606447905,63.033695800055284
Min2,0.5,2:Min2:bellman:16384:32:8:derivative,Bellman,derivative,0.6970252886039816,163.07418040011544
Min2,0.5,2:Min2:bellman:16384:64:2:lipschitz,Bellman,lipschitz,1.0106204230241929,62.5167444999679
Min2,0.5,2:Min2:bellman:16384:64:2:derivative,Bellman,derivative,1.0105018874282905,162.55613649997395
Min2,0.5,2:Min2:bellman:16384:64:8:lipschitz,Bellman,lipschitz,1.010479676394425,63.02059770002961
Min2,0.5,2:Min2:bellman:16384:64:8:derivative,Bellman,derivative,1.0103611407985227,163.06036900007166
Min2,0.5,2:Min2:bellman:65536:16:2:lipschitz,Bellman,lipschitz,0.5616321888765015,64.33345700002974
Min2,0.5,2:Min2:bellman:65536:16:2:derivative,Bellman,derivative,0.560923623736926,164.3804004000849
Min2,0.5,2:Min2:bellman:65536:16:8:lipschitz,Bellman,lipschitz,0.558601107875802,66.45165940007428
Min2,0.5,2:Min2:bellman:65536:16:8:derivative,Bellman,derivative,0.5578923289895101,166.49693300004583
Min2,0.5,2:Min2:bellman:65536:32:2:lipschitz,Bellman,lipschitz,0.6917254276468157,64.30565779999597
Min2,0.5,2:Min2:bellman:65536:32:2:derivative,Bellman,derivative,0.690509433009538,164.36001190001843
Min2,0.5,2:Min2:bellman:65536:32:8:lipschitz,Bellman,lipschitz,0.6909579182356538,66.36193080001976
Min2,0.5,2:Min2:bellman:65536:32:8:derivative,Bellman,derivative,0.6897412653934225,166.40603559999727
Min2,0.5,2:Min2:bellman:65536:64:2:lipschitz,Bellman,lipschitz,1.0010338598904127,64.30787670001155
Min2,0.5,2:Min2:bellman:65536:64:2:derivative,Bellman,derivative,1.0004233994477545,164.35361310001463
Min2,0.5,2:Min2:bellman:65536:64:8:lipschitz,Bellman,lipschitz,1.0007467735258615,66.40967820002697
Min2,0.5,2:Min2:bellman:65536:64:8:derivative,Bellman,derivative,1.0001363130841128,166.45422930002678
