case,target,method,repetition,status,n,bound,total_seconds
frequency_1_asym_0.15_ripple_0,1/25,global_polynomial,0,target_certified,128,0.02795858115409506,0.04998680006247014
frequency_1_asym_0.15_ripple_0,1/25,adaptive_polynomial,0,target_certified,128,0.03370941055525283,0.03431859996635467
frequency_1_asym_0.15_ripple_0,1/25,adaptive_hybrid,0,target_certified,128,0.03370941055525283,0.06822860008105636
frequency_1_asym_0.15_ripple_0,1/50,global_polynomial,0,target_certified,256,0.013883746489675058,0.10073989990632981
frequency_1_asym_0.15_ripple_0,1/50,adaptive_polynomial,0,target_certified,256,0.013883746489675058,0.07414969999808818
frequency_1_asym_0.15_ripple_0,1/50,adaptive_hybrid,0,target_certified,256,0.013883746489675058,0.10633690003305674
frequency_1_asym_0.15_ripple_0,1/100,global_polynomial,0,target_certified,512,0.00688394735805259,0.2020833999849856
frequency_1_asym_0.15_ripple_0,1/100,adaptive_polynomial,0,target_certified,512,0.006916476524850242,0.1387133999960497
frequency_1_asym_0.15_ripple_0,1/100,adaptive_hybrid,0,target_certified,512,0.006916476524850242,0.14919479994568974
frequency_1_asym_0.15_ripple_0.12,1/25,global_polynomial,0,target_certified,512,0.01148498934807798,0.23780689993873239
frequency_1_asym_0.15_ripple_0.12,1/25,adaptive_polynomial,0,target_certified,512,0.01798785994223551,0.14884370006620884
frequency_1_asym_0.15_ripple_0.12,1/25,adaptive_hybrid,0,target_certified,512,0.01798785994223551,0.24121870007365942
frequency_1_asym_0.15_ripple_0.12,1/50,global_polynomial,0,target_certified,512,0.01148498934807798,0.20515030005481094
frequency_1_asym_0.15_ripple_0.12,1/50,adaptive_polynomial,0,target_certified,512,0.01798785994223551,0.13953090005088598
frequency_1_asym_0.15_ripple_0.12,1/50,adaptive_hybrid,0,target_certified,512,0.01798785994223551,0.18918790004681796
frequency_1_asym_0.15_ripple_0.12,1/100,global_polynomial,0,target_certified,1024,0.005623977875370472,0.42049910000059754
frequency_1_asym_0.15_ripple_0.12,1/100,adaptive_polynomial,0,target_certified,1024,0.005633044596914989,0.2886605999665335
frequency_1_asym_0.15_ripple_0.12,1/100,adaptive_hybrid,0,target_certified,1024,0.005633044596914989,0.30729789996985346
frequency_1_asym_0.35_ripple_0,1/25,global_polynomial,0,target_certified,128,0.03618886260494571,0.04791379999369383
frequency_1_asym_0.35_ripple_0,1/25,adaptive_polynomial,0,target_certified,256,0.019245805052795446,0.076883599977009
frequency_1_asym_0.35_ripple_0,1/25,adaptive_hybrid,0,target_certified,256,0.019245805052795446,0.14671140001155436
frequency_1_asym_0.35_ripple_0,1/50,global_polynomial,0,target_certified,256,0.015648250014015264,0.10256230004597455
frequency_1_asym_0.35_ripple_0,1/50,adaptive_polynomial,0,target_certified,256,0.019245805052795446,0.0681372000835836
frequency_1_asym_0.35_ripple_0,1/50,adaptive_hybrid,0,target_certified,256,0.019245805052795446,0.1022280000615865
frequency_1_asym_0.35_ripple_0,1/100,global_polynomial,0,target_certified,512,0.007974739435306208,0.20669050002470613
frequency_1_asym_0.35_ripple_0,1/100,adaptive_polynomial,0,target_certified,512,0.008439999594092381,0.14013019995763898
frequency_1_asym_0.35_ripple_0,1/100,adaptive_hybrid,0,target_certified,512,0.008439999594092381,0.1501058000139892
frequency_1_asym_0.35_ripple_0.12,1/25,global_polynomial,0,target_certified,512,0.012771737133642734,0.24171800003387034
frequency_1_asym_0.35_ripple_0.12,1/25,adaptive_polynomial,0,target_certified,512,0.01975964514667847,0.14854189998004586
frequency_1_asym_0.35_ripple_0.12,1/25,adaptive_hybrid,0,target_certified,512,0.01975964514667847,0.2073647000361234
frequency_1_asym_0.35_ripple_0.12,1/50,global_polynomial,0,target_certified,512,0.012771737133642734,0.20196720003150403
frequency_1_asym_0.35_ripple_0.12,1/50,adaptive_polynomial,0,target_certified,512,0.01975964514667847,0.13907979999203235
frequency_1_asym_0.35_ripple_0.12,1/50,adaptive_hybrid,0,target_certified,512,0.01975964514667847,0.15416749997530133
frequency_1_asym_0.35_ripple_0.12,1/100,global_polynomial,0,target_certified,1024,0.0064589152079574655,0.40646289999131113
frequency_1_asym_0.35_ripple_0.12,1/100,adaptive_polynomial,0,target_certified,1024,0.006811298687293423,0.2934412999311462
frequency_1_asym_0.35_ripple_0.12,1/100,adaptive_hybrid,0,target_certified,1024,0.006811298687293423,0.3036376000382006
frequency_2_asym_0.15_ripple_0,1/25,global_polynomial,0,target_certified,256,0.0359071508507972,0.10056980000808835
frequency_2_asym_0.15_ripple_0,1/25,adaptive_polynomial,0,target_certified,512,0.017027218204661226,0.15940939995925874
frequency_2_asym_0.15_ripple_0,1/25,adaptive_hybrid,0,target_certified,512,0.017027218204661226,0.2572611999930814
frequency_2_asym_0.15_ripple_0,1/50,global_polynomial,0,target_certified,512,0.017027218204661226,0.210651500034146
frequency_2_asym_0.15_ripple_0,1/50,adaptive_polynomial,0,target_certified,512,0.017027218204661226,0.13428429991472512
frequency_2_asym_0.15_ripple_0,1/50,adaptive_hybrid,0,target_certified,512,0.017027218204661226,0.15233089996036142
frequency_2_asym_0.15_ripple_0,1/100,global_polynomial,0,target_certified,1024,0.008791664541323206,0.4070807999232784
frequency_2_asym_0.15_ripple_0,1/100,adaptive_polynomial,0,target_certified,1024,0.008805264994859258,0.27880349999759346
frequency_2_asym_0.15_ripple_0,1/100,adaptive_hybrid,0,target_certified,1024,0.008805264994859258,0.30629059998318553
frequency_2_asym_0.15_ripple_0.12,1/25,global_polynomial,0,target_certified,512,0.03311756841280252,0.21642159996554255
frequency_2_asym_0.15_ripple_0.12,1/25,adaptive_polynomial,0,target_certified,1024,0.015581006397986727,0.29482460010331124
frequency_2_asym_0.15_ripple_0.12,1/25,adaptive_hybrid,0,target_certified,1024,0.015581006397986727,0.4449581999797374
frequency_2_asym_0.15_ripple_0.12,1/50,global_polynomial,0,target_certified,1024,0.01569787091495917,0.42758699995465577
frequency_2_asym_0.15_ripple_0.12,1/50,adaptive_polynomial,0,target_certified,1024,0.015581006397986727,0.28967550001107156
frequency_2_asym_0.15_ripple_0.12,1/50,adaptive_hybrid,0,target_certified,1024,0.015581006397986727,0.3818406999344006
frequency_2_asym_0.15_ripple_0.12,1/100,global_polynomial,0,target_certified,2048,0.0066723174773866065,0.8368413000134751
frequency_2_asym_0.15_ripple_0.12,1/100,adaptive_polynomial,0,target_certified,2048,0.006677659457593314,0.5894846000010148
frequency_2_asym_0.15_ripple_0.12,1/100,adaptive_hybrid,0,target_certified,2048,0.006677659457593314,0.6063434000825509
frequency_2_asym_0.35_ripple_0,1/25,global_polynomial,0,target_certified,256,0.03970443532139187,0.10216629994101822
frequency_2_asym_0.35_ripple_0,1/25,adaptive_polynomial,0,target_certified,256,0.03996971727827383,0.06809419998899102
frequency_2_asym_0.35_ripple_0,1/25,adaptive_hybrid,0,target_certified,256,0.03996971727827383,0.08608769997954369
frequency_2_asym_0.35_ripple_0,1/50,global_polynomial,0,target_certified,1024,0.009738619790509325,0.6065926000010222
frequency_2_asym_0.35_ripple_0,1/50,adaptive_polynomial,0,target_certified,1024,0.009757623203688363,0.31975969998165965
frequency_2_asym_0.35_ripple_0,1/50,adaptive_hybrid,0,target_certified,1024,0.009757623203688363,0.35594949999358505
frequency_2_asym_0.35_ripple_0,1/100,global_polynomial,0,target_certified,1024,0.009738619790509325,0.40927260008174926
frequency_2_asym_0.35_ripple_0,1/100,adaptive_polynomial,0,target_certified,1024,0.009757623203688363,0.2884823000058532
frequency_2_asym_0.35_ripple_0,1/100,adaptive_hybrid,0,target_certified,1024,0.009757623203688363,0.3140117001021281
frequency_2_asym_0.35_ripple_0.12,1/25,global_polynomial,0,target_certified,1024,0.014961977540575133,0.4266150000039488
frequency_2_asym_0.35_ripple_0.12,1/25,adaptive_polynomial,0,target_certified,1024,0.014961977540575133,0.29196860000956804
frequency_2_asym_0.35_ripple_0.12,1/25,adaptive_hybrid,0,target_certified,1024,0.014961977540575133,0.4572356999851763
frequency_2_asym_0.35_ripple_0.12,1/50,global_polynomial,0,target_certified,1024,0.014961977540575133,0.4118651000317186
frequency_2_asym_0.35_ripple_0.12,1/50,adaptive_polynomial,0,target_certified,1024,0.014961977540575133,0.2861304000252858
frequency_2_asym_0.35_ripple_0.12,1/50,adaptive_hybrid,0,target_certified,1024,0.014961977540575133,0.42354930005967617
frequency_2_asym_0.35_ripple_0.12,1/100,global_polynomial,0,target_certified,2048,0.00745564855271992,0.8334432999836281
frequency_2_asym_0.35_ripple_0.12,1/100,adaptive_polynomial,0,target_certified,2048,0.0074546781833178056,0.5866783999372274
frequency_2_asym_0.35_ripple_0.12,1/100,adaptive_hybrid,0,target_certified,2048,0.0074546781833178056,0.6231979000149295
frequency_4_asym_0.15_ripple_0,1/25,global_polynomial,0,target_certified,1024,0.01734321675578727,0.4260140999685973
frequency_4_asym_0.15_ripple_0,1/25,adaptive_polynomial,0,target_certified,1024,0.0211519455544006,0.34091620007529855
frequency_4_asym_0.15_ripple_0,1/25,adaptive_hybrid,0,target_certified,1024,0.0211519455544006,0.4911774001084268
frequency_4_asym_0.15_ripple_0,1/50,global_polynomial,0,target_certified,1024,0.01734321675578727,0.43164040008559823
frequency_4_asym_0.15_ripple_0,1/50,adaptive_polynomial,0,target_certified,2048,0.008636140708446266,0.634791599935852
frequency_4_asym_0.15_ripple_0,1/50,adaptive_hybrid,0,target_certified,2048,0.008636140708446266,0.7051619999110699
frequency_4_asym_0.15_ripple_0,1/100,global_polynomial,0,target_certified,2048,0.008635871635950908,0.8440285000251606
frequency_4_asym_0.15_ripple_0,1/100,adaptive_polynomial,0,target_certified,2048,0.008636140708446266,0.5812387999612838
frequency_4_asym_0.15_ripple_0,1/100,adaptive_hybrid,0,target_certified,2048,0.008636140708446266,0.6466169999912381
frequency_4_asym_0.15_ripple_0.12,1/25,global_polynomial,0,target_certified,2048,0.013214555301640249,0.8427935999352485
frequency_4_asym_0.15_ripple_0.12,1/25,adaptive_polynomial,0,target_certified,2048,0.017858374846029673,0.5831102000083774
frequency_4_asym_0.15_ripple_0.12,1/25,adaptive_hybrid,0,target_certified,2048,0.017858374846029673,0.7883716999785975
frequency_4_asym_0.15_ripple_0.12,1/50,global_polynomial,0,target_certified,2048,0.013214555301640249,0.8369662999175489
frequency_4_asym_0.15_ripple_0.12,1/50,adaptive_polynomial,0,target_certified,2048,0.017858374846029673,0.5728305999655277
frequency_4_asym_0.15_ripple_0.12,1/50,adaptive_hybrid,0,target_certified,2048,0.017858374846029673,0.7316891000373289
frequency_4_asym_0.15_ripple_0.12,1/100,global_polynomial,0,target_certified,4096,0.006533507472094505,1.6994189000688493
frequency_4_asym_0.15_ripple_0.12,1/100,adaptive_polynomial,0,target_certified,4096,0.006536707379910671,1.2114729000022635
frequency_4_asym_0.15_ripple_0.12,1/100,adaptive_hybrid,0,target_certified,4096,0.006536707379910671,1.260741800069809
frequency_4_asym_0.35_ripple_0,1/25,global_polynomial,0,target_certified,1024,0.019722069776149383,0.4249178000027314
frequency_4_asym_0.35_ripple_0,1/25,adaptive_polynomial,0,target_certified,1024,0.019733543040788015,0.32148980000056326
frequency_4_asym_0.35_ripple_0,1/25,adaptive_hybrid,0,target_certified,1024,0.019733543040788015,0.4302826999919489
frequency_4_asym_0.35_ripple_0,1/50,global_polynomial,0,target_certified,1024,0.019722069776149383,0.41429089999292046
frequency_4_asym_0.35_ripple_0,1/50,adaptive_polynomial,0,target_certified,1024,0.019733543040788015,0.27829650009516627
frequency_4_asym_0.35_ripple_0,1/50,adaptive_hybrid,0,target_certified,1024,0.019733543040788015,0.3151611000066623
frequency_4_asym_0.35_ripple_0,1/100,global_polynomial,0,target_certified,2048,0.009809344289593349,0.8348714000312611
frequency_4_asym_0.35_ripple_0,1/100,adaptive_polynomial,0,target_certified,2048,0.009823690709999765,0.5847418999765068
frequency_4_asym_0.35_ripple_0,1/100,adaptive_hybrid,0,target_certified,2048,0.009823690709999765,0.6225348999723792
frequency_4_asym_0.35_ripple_0.12,1/25,global_polynomial,0,target_certified,2048,0.015482138646757761,0.8377754999091849
frequency_4_asym_0.35_ripple_0.12,1/25,adaptive_polynomial,0,target_certified,2048,0.01423329127456982,0.6057625999674201
frequency_4_asym_0.35_ripple_0.12,1/25,adaptive_hybrid,0,target_certified,2048,0.01423329127456982,0.8817847999744117
frequency_4_asym_0.35_ripple_0.12,1/50,global_polynomial,0,target_certified,2048,0.015482138646757761,0.8336107999784872
frequency_4_asym_0.35_ripple_0.12,1/50,adaptive_polynomial,0,target_certified,2048,0.01423329127456982,0.5788970000576228
frequency_4_asym_0.35_ripple_0.12,1/50,adaptive_hybrid,0,target_certified,2048,0.01423329127456982,0.7148729000473395
frequency_4_asym_0.35_ripple_0.12,1/100,global_polynomial,0,target_certified,4096,0.007100304999865914,1.6665434000315145
frequency_4_asym_0.35_ripple_0.12,1/100,adaptive_polynomial,0,target_certified,4096,0.007100456529082992,1.1783883000025526
frequency_4_asym_0.35_ripple_0.12,1/100,adaptive_hybrid,0,target_certified,4096,0.007100456529082992,1.2277409000089392
frequency_1_asym_0.15_ripple_0,1/25,adaptive_polynomial,1,target_certified,128,0.03370941055525283,0.0343836999963969
frequency_1_asym_0.15_ripple_0,1/25,adaptive_hybrid,1,target_certified,128,0.03370941055525283,0.06767130002845079
frequency_1_asym_0.15_ripple_0,1/25,global_polynomial,1,target_certified,128,0.02795858115409506,0.049791399971581995
frequency_1_asym_0.15_ripple_0,1/50,adaptive_polynomial,1,target_certified,256,0.013883746489675058,0.07699209998827428
frequency_1_asym_0.15_ripple_0,1/50,adaptive_hybrid,1,target_certified,256,0.013883746489675058,0.10633819992654026
frequency_1_asym_0.15_ripple_0,1/50,global_polynomial,1,target_certified,256,0.013883746489675058,0.10078390000853688
frequency_1_asym_0.15_ripple_0,1/100,adaptive_polynomial,1,target_certified,512,0.006916476524850242,0.13847650005482137
frequency_1_asym_0.15_ripple_0,1/100,adaptive_hybrid,1,target_certified,512,0.006916476524850242,0.14898159995209426
frequency_1_asym_0.15_ripple_0,1/100,global_polynomial,1,target_certified,512,0.00688394735805259,0.20044270006474108
frequency_1_asym_0.15_ripple_0.12,1/25,adaptive_polynomial,1,target_certified,512,0.01798785994223551,0.15974539995659143
frequency_1_asym_0.15_ripple_0.12,1/25,adaptive_hybrid,1,target_certified,512,0.01798785994223551,0.24351400008890778
frequency_1_asym_0.15_ripple_0.12,1/25,global_polynomial,1,target_certified,512,0.01148498934807798,0.2387929999968037
frequency_1_asym_0.15_ripple_0.12,1/50,adaptive_polynomial,1,target_certified,512,0.01798785994223551,0.13727850001305342
frequency_1_asym_0.15_ripple_0.12,1/50,adaptive_hybrid,1,target_certified,512,0.01798785994223551,0.18655019998550415
frequency_1_asym_0.15_ripple_0.12,1/50,global_polynomial,1,target_certified,512,0.01148498934807798,0.19930029998067766
frequency_1_asym_0.15_ripple_0.12,1/100,adaptive_polynomial,1,target_certified,1024,0.005633044596914989,0.28858689998742193
frequency_1_asym_0.15_ripple_0.12,1/100,adaptive_hybrid,1,target_certified,1024,0.005633044596914989,0.30205090006347746
frequency_1_asym_0.15_ripple_0.12,1/100,global_polynomial,1,target_certified,1024,0.005623977875370472,0.4148558999877423
frequency_1_asym_0.35_ripple_0,1/25,adaptive_polynomial,1,target_certified,256,0.019245805052795446,0.07549249997828156
frequency_1_asym_0.35_ripple_0,1/25,adaptive_hybrid,1,target_certified,256,0.019245805052795446,0.14559709990862757
frequency_1_asym_0.35_ripple_0,1/25,global_polynomial,1,target_certified,128,0.03618886260494571,0.04776700004003942
frequency_1_asym_0.35_ripple_0,1/50,adaptive_polynomial,1,target_certified,256,0.019245805052795446,0.0687875000294298
frequency_1_asym_0.35_ripple_0,1/50,adaptive_hybrid,1,target_certified,256,0.019245805052795446,0.10900900000706315
frequency_1_asym_0.35_ripple_0,1/50,global_polynomial,1,target_certified,256,0.015648250014015264,0.1028736000880599
frequency_1_asym_0.35_ripple_0,1/100,adaptive_polynomial,1,target_certified,512,0.008439999594092381,0.14151909993961453
frequency_1_asym_0.35_ripple_0,1/100,adaptive_hybrid,1,target_certified,512,0.008439999594092381,0.15064760006498545
frequency_1_asym_0.35_ripple_0,1/100,global_polynomial,1,target_certified,512,0.007974739435306208,0.20368049992248416
frequency_1_asym_0.35_ripple_0.12,1/25,adaptive_polynomial,1,target_certified,512,0.01975964514667847,0.15562640002463013
frequency_1_asym_0.35_ripple_0.12,1/25,adaptive_hybrid,1,target_certified,512,0.01975964514667847,0.20779230003245175
frequency_1_asym_0.35_ripple_0.12,1/25,global_polynomial,1,target_certified,512,0.012771737133642734,0.23843720008153468
frequency_1_asym_0.35_ripple_0.12,1/50,adaptive_polynomial,1,target_certified,512,0.01975964514667847,0.1405374000314623
frequency_1_asym_0.35_ripple_0.12,1/50,adaptive_hybrid,1,target_certified,512,0.01975964514667847,0.1586884999414906
frequency_1_asym_0.35_ripple_0.12,1/50,global_polynomial,1,target_certified,512,0.012771737133642734,0.2061641999753192
frequency_1_asym_0.35_ripple_0.12,1/100,adaptive_polynomial,1,target_certified,1024,0.006811298687293423,0.29179909999947995
frequency_1_asym_0.35_ripple_0.12,1/100,adaptive_hybrid,1,target_certified,1024,0.006811298687293423,0.30969919997733086
frequency_1_asym_0.35_ripple_0.12,1/100,global_polynomial,1,target_certified,1024,0.0064589152079574655,0.40693429997190833
frequency_2_asym_0.15_ripple_0,1/25,adaptive_polynomial,1,target_certified,512,0.017027218204661226,0.16209440003149211
frequency_2_asym_0.15_ripple_0,1/25,adaptive_hybrid,1,target_certified,512,0.017027218204661226,0.25071039993781596
frequency_2_asym_0.15_ripple_0,1/25,global_polynomial,1,target_certified,256,0.0359071508507972,0.10090030007995665
frequency_2_asym_0.15_ripple_0,1/50,adaptive_polynomial,1,target_certified,512,0.017027218204661226,0.1381354999030009
frequency_2_asym_0.15_ripple_0,1/50,adaptive_hybrid,1,target_certified,512,0.017027218204661226,0.1563876000000164
frequency_2_asym_0.15_ripple_0,1/50,global_polynomial,1,target_certified,512,0.017027218204661226,0.21653790003620088
frequency_2_asym_0.15_ripple_0,1/100,adaptive_polynomial,1,target_certified,1024,0.008805264994859258,0.2839286000235006
frequency_2_asym_0.15_ripple_0,1/100,adaptive_hybrid,1,target_certified,1024,0.008805264994859258,0.31172560004051775
frequency_2_asym_0.15_ripple_0,1/100,global_polynomial,1,target_certified,1024,0.008791664541323206,0.4134706000331789
frequency_2_asym_0.15_ripple_0.12,1/25,adaptive_polynomial,1,target_certified,1024,0.015581006397986727,0.3019780000904575
frequency_2_asym_0.15_ripple_0.12,1/25,adaptive_hybrid,1,target_certified,1024,0.015581006397986727,0.4472846999997273
frequency_2_asym_0.15_ripple_0.12,1/25,global_polynomial,1,target_certified,512,0.03311756841280252,0.20628110005054623
frequency_2_asym_0.15_ripple_0.12,1/50,adaptive_polynomial,1,target_certified,1024,0.015581006397986727,0.2845888000447303
frequency_2_asym_0.15_ripple_0.12,1/50,adaptive_hybrid,1,target_certified,1024,0.015581006397986727,0.3892585000721738
frequency_2_asym_0.15_ripple_0.12,1/50,global_polynomial,1,target_certified,1024,0.01569787091495917,0.42326329997740686
frequency_2_asym_0.15_ripple_0.12,1/100,adaptive_polynomial,1,target_certified,2048,0.006677659457593314,0.5904622001107782
frequency_2_asym_0.15_ripple_0.12,1/100,adaptive_hybrid,1,target_certified,2048,0.006677659457593314,0.6260426000226289
frequency_2_asym_0.15_ripple_0.12,1/100,global_polynomial,1,target_certified,2048,0.0066723174773866065,0.8294770999345928
frequency_2_asym_0.35_ripple_0,1/25,adaptive_polynomial,1,target_certified,256,0.03996971727827383,0.06925329996738583
frequency_2_asym_0.35_ripple_0,1/25,adaptive_hybrid,1,target_certified,256,0.03996971727827383,0.0860198000445962
frequency_2_asym_0.35_ripple_0,1/25,global_polynomial,1,target_certified,256,0.03970443532139187,0.10146110004279763
frequency_2_asym_0.35_ripple_0,1/50,adaptive_polynomial,1,target_certified,1024,0.009757623203688363,0.32685850001871586
frequency_2_asym_0.35_ripple_0,1/50,adaptive_hybrid,1,target_certified,1024,0.009757623203688363,0.36080410005524755
frequency_2_asym_0.35_ripple_0,1/50,global_polynomial,1,target_certified,1024,0.009738619790509325,0.6120683000190184
frequency_2_asym_0.35_ripple_0,1/100,adaptive_polynomial,1,target_certified,1024,0.009757623203688363,0.287154300021939
frequency_2_asym_0.35_ripple_0,1/100,adaptive_hybrid,1,target_certified,1024,0.009757623203688363,0.30933020007796586
frequency_2_asym_0.35_ripple_0,1/100,global_polynomial,1,target_certified,1024,0.009738619790509325,0.41946280002593994
frequency_2_asym_0.35_ripple_0.12,1/25,adaptive_polynomial,1,target_certified,1024,0.014961977540575133,0.29513869993388653
frequency_2_asym_0.35_ripple_0.12,1/25,adaptive_hybrid,1,target_certified,1024,0.014961977540575133,0.46956400002818555
frequency_2_asym_0.35_ripple_0.12,1/25,global_polynomial,1,target_certified,1024,0.014961977540575133,0.43049810000229627
frequency_2_asym_0.35_ripple_0.12,1/50,adaptive_polynomial,1,target_certified,1024,0.014961977540575133,0.2878501999657601
frequency_2_asym_0.35_ripple_0.12,1/50,adaptive_hybrid,1,target_certified,1024,0.014961977540575133,0.42206330003682524
frequency_2_asym_0.35_ripple_0.12,1/50,global_polynomial,1,target_certified,1024,0.014961977540575133,0.42155430000275373
frequency_2_asym_0.35_ripple_0.12,1/100,adaptive_polynomial,1,target_certified,2048,0.0074546781833178056,0.5853451000293717
frequency_2_asym_0.35_ripple_0.12,1/100,adaptive_hybrid,1,target_certified,2048,0.0074546781833178056,0.6299520001048222
frequency_2_asym_0.35_ripple_0.12,1/100,global_polynomial,1,target_certified,2048,0.00745564855271992,0.8241992000257596
frequency_4_asym_0.15_ripple_0,1/25,adaptive_polynomial,1,target_certified,1024,0.0211519455544006,0.33618189999833703
frequency_4_asym_0.15_ripple_0,1/25,adaptive_hybrid,1,target_certified,1024,0.0211519455544006,0.49729619990102947
frequency_4_asym_0.15_ripple_0,1/25,global_polynomial,1,target_certified,1024,0.01734321675578727,0.42891410004813224
frequency_4_asym_0.15_ripple_0,1/50,adaptive_polynomial,1,target_certified,2048,0.008636140708446266,0.6355334999971092
frequency_4_asym_0.15_ripple_0,1/50,adaptive_hybrid,1,target_certified,2048,0.008636140708446266,0.719043800025247
frequency_4_asym_0.15_ripple_0,1/50,global_polynomial,1,target_certified,1024,0.01734321675578727,0.43594340002164245
frequency_4_asym_0.15_ripple_0,1/100,adaptive_polynomial,1,target_certified,2048,0.008636140708446266,0.5860613000113517
frequency_4_asym_0.15_ripple_0,1/100,adaptive_hybrid,1,target_certified,2048,0.008636140708446266,0.6321750999195501
frequency_4_asym_0.15_ripple_0,1/100,global_polynomial,1,target_certified,2048,0.008635871635950908,0.8501759000355378
frequency_4_asym_0.15_ripple_0.12,1/25,adaptive_polynomial,1,target_certified,2048,0.017858374846029673,0.5859407000243664
frequency_4_asym_0.15_ripple_0.12,1/25,adaptive_hybrid,1,target_certified,2048,0.017858374846029673,0.7903930000029504
frequency_4_asym_0.15_ripple_0.12,1/25,global_polynomial,1,target_certified,2048,0.013214555301640249,0.8434796999208629
frequency_4_asym_0.15_ripple_0.12,1/50,adaptive_polynomial,1,target_certified,2048,0.017858374846029673,0.5855281000258401
frequency_4_asym_0.15_ripple_0.12,1/50,adaptive_hybrid,1,target_certified,2048,0.017858374846029673,0.7293779000174254
frequency_4_asym_0.15_ripple_0.12,1/50,global_polynomial,1,target_certified,2048,0.013214555301640249,0.8485648999921978
frequency_4_asym_0.15_ripple_0.12,1/100,adaptive_polynomial,1,target_certified,4096,0.006536707379910671,1.1974832999985665
frequency_4_asym_0.15_ripple_0.12,1/100,adaptive_hybrid,1,target_certified,4096,0.006536707379910671,1.24168550001923
frequency_4_asym_0.15_ripple_0.12,1/100,global_polynomial,1,target_certified,4096,0.006533507472094505,1.6831339999334887
frequency_4_asym_0.35_ripple_0,1/25,adaptive_polynomial,1,target_certified,1024,0.019733543040788015,0.31821519997902215
frequency_4_asym_0.35_ripple_0,1/25,adaptive_hybrid,1,target_certified,1024,0.019733543040788015,0.45206339994911104
frequency_4_asym_0.35_ripple_0,1/25,global_polynomial,1,target_certified,1024,0.019722069776149383,0.4183892000000924
frequency_4_asym_0.35_ripple_0,1/50,adaptive_polynomial,1,target_certified,1024,0.019733543040788015,0.2922654999420047
frequency_4_asym_0.35_ripple_0,1/50,adaptive_hybrid,1,target_certified,1024,0.019733543040788015,0.3125572999706492
frequency_4_asym_0.35_ripple_0,1/50,global_polynomial,1,target_certified,1024,0.019722069776149383,0.4285955000668764
frequency_4_asym_0.35_ripple_0,1/100,adaptive_polynomial,1,target_certified,2048,0.009823690709999765,0.605325200012885
frequency_4_asym_0.35_ripple_0,1/100,adaptive_hybrid,1,target_certified,2048,0.009823690709999765,0.6381498000118881
frequency_4_asym_0.35_ripple_0,1/100,global_polynomial,1,target_certified,2048,0.009809344289593349,0.8341362000210211
frequency_4_asym_0.35_ripple_0.12,1/25,adaptive_polynomial,1,target_certified,2048,0.01423329127456982,0.6211171000031754
frequency_4_asym_0.35_ripple_0.12,1/25,adaptive_hybrid,1,target_certified,2048,0.01423329127456982,0.8991684999782592
frequency_4_asym_0.35_ripple_0.12,1/25,global_polynomial,1,target_certified,2048,0.015482138646757761,0.8282887000823393
frequency_4_asym_0.35_ripple_0.12,1/50,adaptive_polynomial,1,target_certified,2048,0.01423329127456982,0.587293199962005
frequency_4_asym_0.35_ripple_0.12,1/50,adaptive_hybrid,1,target_certified,2048,0.01423329127456982,0.7287724999478087
frequency_4_asym_0.35_ripple_0.12,1/50,global_polynomial,1,target_certified,2048,0.015482138646757761,0.8319651000201702
frequency_4_asym_0.35_ripple_0.12,1/100,adaptive_polynomial,1,target_certified,4096,0.007100456529082992,1.2158366000512615
frequency_4_asym_0.35_ripple_0.12,1/100,adaptive_hybrid,1,target_certified,4096,0.007100456529082992,1.252301099942997
frequency_4_asym_0.35_ripple_0.12,1/100,global_polynomial,1,target_certified,4096,0.007100304999865914,1.673647899995558
frequency_1_asym_0.15_ripple_0,1/25,adaptive_hybrid,2,target_certified,128,0.03370941055525283,0.07713590003550053
frequency_1_asym_0.15_ripple_0,1/25,global_polynomial,2,target_certified,128,0.02795858115409506,0.04996669990941882
frequency_1_asym_0.15_ripple_0,1/25,adaptive_polynomial,2,target_certified,128,0.03370941055525283,0.03430810000281781
frequency_1_asym_0.15_ripple_0,1/50,adaptive_hybrid,2,target_certified,256,0.013883746489675058,0.10757519991602749
frequency_1_asym_0.15_ripple_0,1/50,global_polynomial,2,target_certified,256,0.013883746489675058,0.10236560006160289
frequency_1_asym_0.15_ripple_0,1/50,adaptive_polynomial,2,target_certified,256,0.013883746489675058,0.07110659999307245
frequency_1_asym_0.15_ripple_0,1/100,adaptive_hybrid,2,target_certified,512,0.006916476524850242,0.14977250003721565
frequency_1_asym_0.15_ripple_0,1/100,global_polynomial,2,target_certified,512,0.00688394735805259,0.22063350002281368
frequency_1_asym_0.15_ripple_0,1/100,adaptive_polynomial,2,target_certified,512,0.006916476524850242,0.15064799995161593
frequency_1_asym_0.15_ripple_0.12,1/25,adaptive_hybrid,2,target_certified,512,0.01798785994223551,0.2509798000101
frequency_1_asym_0.15_ripple_0.12,1/25,global_polynomial,2,target_certified,512,0.01148498934807798,0.24510739999823272
frequency_1_asym_0.15_ripple_0.12,1/25,adaptive_polynomial,2,target_certified,512,0.01798785994223551,0.14851710002403706
frequency_1_asym_0.15_ripple_0.12,1/50,adaptive_hybrid,2,target_certified,512,0.01798785994223551,0.1923481000121683
frequency_1_asym_0.15_ripple_0.12,1/50,global_polynomial,2,target_certified,512,0.01148498934807798,0.2022984999930486
frequency_1_asym_0.15_ripple_0.12,1/50,adaptive_polynomial,2,target_certified,512,0.01798785994223551,0.14885630004573613
frequency_1_asym_0.15_ripple_0.12,1/100,adaptive_hybrid,2,target_certified,1024,0.005633044596914989,0.3029523000586778
frequency_1_asym_0.15_ripple_0.12,1/100,global_polynomial,2,target_certified,1024,0.005623977875370472,0.41893939999863505
frequency_1_asym_0.15_ripple_0.12,1/100,adaptive_polynomial,2,target_certified,1024,0.005633044596914989,0.28955410001799464
frequency_1_asym_0.35_ripple_0,1/25,adaptive_hybrid,2,target_certified,256,0.019245805052795446,0.15616550005506724
frequency_1_asym_0.35_ripple_0,1/25,global_polynomial,2,target_certified,128,0.03618886260494571,0.04806870000902563
frequency_1_asym_0.35_ripple_0,1/25,adaptive_polynomial,2,target_certified,256,0.019245805052795446,0.07691960001830012
frequency_1_asym_0.35_ripple_0,1/50,adaptive_hybrid,2,target_certified,256,0.019245805052795446,0.10304610000457615
frequency_1_asym_0.35_ripple_0,1/50,global_polynomial,2,target_certified,256,0.015648250014015264,0.1029480000725016
frequency_1_asym_0.35_ripple_0,1/50,adaptive_polynomial,2,target_certified,256,0.019245805052795446,0.06782140000723302
frequency_1_asym_0.35_ripple_0,1/100,adaptive_hybrid,2,target_certified,512,0.008439999594092381,0.1516098000574857
frequency_1_asym_0.35_ripple_0,1/100,global_polynomial,2,target_certified,512,0.007974739435306208,0.20318229997064918
frequency_1_asym_0.35_ripple_0,1/100,adaptive_polynomial,2,target_certified,512,0.008439999594092381,0.14964630000758916
frequency_1_asym_0.35_ripple_0.12,1/25,adaptive_hybrid,2,target_certified,512,0.01975964514667847,0.20800350001081824
frequency_1_asym_0.35_ripple_0.12,1/25,global_polynomial,2,target_certified,512,0.012771737133642734,0.2374157999875024
frequency_1_asym_0.35_ripple_0.12,1/25,adaptive_polynomial,2,target_certified,512,0.01975964514667847,0.15809319994878024
frequency_1_asym_0.35_ripple_0.12,1/50,adaptive_hybrid,2,target_certified,512,0.01975964514667847,0.151919599971734
frequency_1_asym_0.35_ripple_0.12,1/50,global_polynomial,2,target_certified,512,0.012771737133642734,0.20270329993218184
frequency_1_asym_0.35_ripple_0.12,1/50,adaptive_polynomial,2,target_certified,512,0.01975964514667847,0.1402820999501273
frequency_1_asym_0.35_ripple_0.12,1/100,adaptive_hybrid,2,target_certified,1024,0.006811298687293423,0.32135260000359267
frequency_1_asym_0.35_ripple_0.12,1/100,global_polynomial,2,target_certified,1024,0.0064589152079574655,0.405672499909997
frequency_1_asym_0.35_ripple_0.12,1/100,adaptive_polynomial,2,target_certified,1024,0.006811298687293423,0.2948024000506848
frequency_2_asym_0.15_ripple_0,1/25,adaptive_hybrid,2,target_certified,512,0.017027218204661226,0.25653300003614277
frequency_2_asym_0.15_ripple_0,1/25,global_polynomial,2,target_certified,256,0.0359071508507972,0.10077699995599687
frequency_2_asym_0.15_ripple_0,1/25,adaptive_polynomial,2,target_certified,512,0.017027218204661226,0.1562081000301987
frequency_2_asym_0.15_ripple_0,1/50,adaptive_hybrid,2,target_certified,512,0.017027218204661226,0.16637239989358932
frequency_2_asym_0.15_ripple_0,1/50,global_polynomial,2,target_certified,512,0.017027218204661226,0.21088779997080564
frequency_2_asym_0.15_ripple_0,1/50,adaptive_polynomial,2,target_certified,512,0.017027218204661226,0.13790490000974387
frequency_2_asym_0.15_ripple_0,1/100,adaptive_hybrid,2,target_certified,1024,0.008805264994859258,0.31270459992811084
frequency_2_asym_0.15_ripple_0,1/100,global_polynomial,2,target_certified,1024,0.008791664541323206,0.4106344999745488
frequency_2_asym_0.15_ripple_0,1/100,adaptive_polynomial,2,target_certified,1024,0.008805264994859258,0.28521440003532916
frequency_2_asym_0.15_ripple_0.12,1/25,adaptive_hybrid,2,target_certified,1024,0.015581006397986727,0.45670189999509603
frequency_2_asym_0.15_ripple_0.12,1/25,global_polynomial,2,target_certified,512,0.03311756841280252,0.20238859998062253
frequency_2_asym_0.15_ripple_0.12,1/25,adaptive_polynomial,2,target_certified,1024,0.015581006397986727,0.2928738999180496
frequency_2_asym_0.15_ripple_0.12,1/50,adaptive_hybrid,2,target_certified,1024,0.015581006397986727,0.39074709999840707
frequency_2_asym_0.15_ripple_0.12,1/50,global_polynomial,2,target_certified,1024,0.01569787091495917,0.4172248999821022
frequency_2_asym_0.15_ripple_0.12,1/50,adaptive_polynomial,2,target_certified,1024,0.015581006397986727,0.28507920005358756
frequency_2_asym_0.15_ripple_0.12,1/100,adaptive_hybrid,2,target_certified,2048,0.006677659457593314,0.619699600036256
frequency_2_asym_0.15_ripple_0.12,1/100,global_polynomial,2,target_certified,2048,0.0066723174773866065,0.8321901999879628
frequency_2_asym_0.15_ripple_0.12,1/100,adaptive_polynomial,2,target_certified,2048,0.006677659457593314,0.5936780999181792
frequency_2_asym_0.35_ripple_0,1/25,adaptive_hybrid,2,target_certified,256,0.03996971727827383,0.08629559993278235
frequency_2_asym_0.35_ripple_0,1/25,global_polynomial,2,target_certified,256,0.03970443532139187,0.10177099995780736
frequency_2_asym_0.35_ripple_0,1/25,adaptive_polynomial,2,target_certified,256,0.03996971727827383,0.07832019997294992
frequency_2_asym_0.35_ripple_0,1/50,adaptive_hybrid,2,target_certified,1024,0.009757623203688363,0.35654509998857975
frequency_2_asym_0.35_ripple_0,1/50,global_polynomial,2,target_certified,1024,0.009738619790509325,0.6156860999763012
frequency_2_asym_0.35_ripple_0,1/50,adaptive_polynomial,2,target_certified,1024,0.009757623203688363,0.31720269995275885
frequency_2_asym_0.35_ripple_0,1/100,adaptive_hybrid,2,target_certified,1024,0.009757623203688363,0.3184144999831915
frequency_2_asym_0.35_ripple_0,1/100,global_polynomial,2,target_certified,1024,0.009738619790509325,0.42256660002749413
frequency_2_asym_0.35_ripple_0,1/100,adaptive_polynomial,2,target_certified,1024,0.009757623203688363,0.2895828998880461
frequency_2_asym_0.35_ripple_0.12,1/25,adaptive_hybrid,2,target_certified,1024,0.014961977540575133,0.4844896999420598
frequency_2_asym_0.35_ripple_0.12,1/25,global_polynomial,2,target_certified,1024,0.014961977540575133,0.41900460002943873
frequency_2_asym_0.35_ripple_0.12,1/25,adaptive_polynomial,2,target_certified,1024,0.014961977540575133,0.29465140006504953
frequency_2_asym_0.35_ripple_0.12,1/50,adaptive_hybrid,2,target_certified,1024,0.014961977540575133,0.4278192000929266
frequency_2_asym_0.35_ripple_0.12,1/50,global_polynomial,2,target_certified,1024,0.014961977540575133,0.410161399981007
frequency_2_asym_0.35_ripple_0.12,1/50,adaptive_polynomial,2,target_certified,1024,0.014961977540575133,0.2939118999056518
frequency_2_asym_0.35_ripple_0.12,1/100,adaptive_hybrid,2,target_certified,2048,0.0074546781833178056,0.6225094000110403
frequency_2_asym_0.35_ripple_0.12,1/100,global_polynomial,2,target_certified,2048,0.00745564855271992,0.8321489999070764
frequency_2_asym_0.35_ripple_0.12,1/100,adaptive_polynomial,2,target_certified,2048,0.0074546781833178056,0.5952983999159187
frequency_4_asym_0.15_ripple_0,1/25,adaptive_hybrid,2,target_certified,1024,0.0211519455544006,0.4998462999938056
frequency_4_asym_0.15_ripple_0,1/25,global_polynomial,2,target_certified,1024,0.01734321675578727,0.43764359992928803
frequency_4_asym_0.15_ripple_0,1/25,adaptive_polynomial,2,target_certified,1024,0.0211519455544006,0.32847330009099096
frequency_4_asym_0.15_ripple_0,1/50,adaptive_hybrid,2,target_certified,2048,0.008636140708446266,0.7261365000158548
frequency_4_asym_0.15_ripple_0,1/50,global_polynomial,2,target_certified,1024,0.01734321675578727,0.4449612000025809
frequency_4_asym_0.15_ripple_0,1/50,adaptive_polynomial,2,target_certified,2048,0.008636140708446266,0.63122049998492
frequency_4_asym_0.15_ripple_0,1/100,adaptive_hybrid,2,target_certified,2048,0.008636140708446266,0.6293443000176921
frequency_4_asym_0.15_ripple_0,1/100,global_polynomial,2,target_certified,2048,0.008635871635950908,0.8527327000629157
frequency_4_asym_0.15_ripple_0,1/100,adaptive_polynomial,2,target_certified,2048,0.008636140708446266,0.5747809000313282
frequency_4_asym_0.15_ripple_0.12,1/25,adaptive_hybrid,2,target_certified,2048,0.017858374846029673,0.7983990999637172
frequency_4_asym_0.15_ripple_0.12,1/25,global_polynomial,2,target_certified,2048,0.013214555301640249,0.8700476000085473
frequency_4_asym_0.15_ripple_0.12,1/25,adaptive_polynomial,2,target_certified,2048,0.017858374846029673,0.6244318999815732
frequency_4_asym_0.15_ripple_0.12,1/50,adaptive_hybrid,2,target_certified,2048,0.017858374846029673,0.7457576000597328
frequency_4_asym_0.15_ripple_0.12,1/50,global_polynomial,2,target_certified,2048,0.013214555301640249,0.8565226000500843
frequency_4_asym_0.15_ripple_0.12,1/50,adaptive_polynomial,2,target_certified,2048,0.017858374846029673,0.5846446000505239
frequency_4_asym_0.15_ripple_0.12,1/100,adaptive_hybrid,2,target_certified,4096,0.006536707379910671,1.2540411000372842
frequency_4_asym_0.15_ripple_0.12,1/100,global_polynomial,2,target_certified,4096,0.006533507472094505,1.713538400013931
frequency_4_asym_0.15_ripple_0.12,1/100,adaptive_polynomial,2,target_certified,4096,0.006536707379910671,1.2054805000079796
frequency_4_asym_0.35_ripple_0,1/25,adaptive_hybrid,2,target_certified,1024,0.019733543040788015,0.4524090000195429
frequency_4_asym_0.35_ripple_0,1/25,global_polynomial,2,target_certified,1024,0.019722069776149383,0.420749600045383
frequency_4_asym_0.35_ripple_0,1/25,adaptive_polynomial,2,target_certified,1024,0.019733543040788015,0.32960539998020977
frequency_4_asym_0.35_ripple_0,1/50,adaptive_hybrid,2,target_certified,1024,0.019733543040788015,0.31722810002975166
frequency_4_asym_0.35_ripple_0,1/50,global_polynomial,2,target_certified,1024,0.019722069776149383,0.4327531000599265
frequency_4_asym_0.35_ripple_0,1/50,adaptive_polynomial,2,target_certified,1024,0.019733543040788015,0.2854657000862062
frequency_4_asym_0.35_ripple_0,1/100,adaptive_hybrid,2,target_certified,2048,0.009823690709999765,0.6282735000131652
frequency_4_asym_0.35_ripple_0,1/100,global_polynomial,2,target_certified,2048,0.009809344289593349,0.8348777999635786
frequency_4_asym_0.35_ripple_0,1/100,adaptive_polynomial,2,target_certified,2048,0.009823690709999765,0.5933249000227079
frequency_4_asym_0.35_ripple_0.12,1/25,adaptive_hybrid,2,target_certified,2048,0.01423329127456982,0.9103300999850035
frequency_4_asym_0.35_ripple_0.12,1/25,global_polynomial,2,target_certified,2048,0.015482138646757761,0.8350280000595376
frequency_4_asym_0.35_ripple_0.12,1/25,adaptive_polynomial,2,target_certified,2048,0.01423329127456982,0.6205064000096172
frequency_4_asym_0.35_ripple_0.12,1/50,adaptive_hybrid,2,target_certified,2048,0.01423329127456982,0.7215166999958456
frequency_4_asym_0.35_ripple_0.12,1/50,global_polynomial,2,target_certified,2048,0.015482138646757761,0.8426905000815168
frequency_4_asym_0.35_ripple_0.12,1/50,adaptive_polynomial,2,target_certified,2048,0.01423329127456982,0.5919982999330387
frequency_4_asym_0.35_ripple_0.12,1/100,adaptive_hybrid,2,target_certified,4096,0.007100456529082992,1.235403399914503
frequency_4_asym_0.35_ripple_0.12,1/100,global_polynomial,2,target_certified,4096,0.007100304999865914,1.6836253000656143
frequency_4_asym_0.35_ripple_0.12,1/100,adaptive_polynomial,2,target_certified,4096,0.007100456529082992,1.2071835999377072
