case,target,method,repetition,n,status,epsilon,width,degree,upper,lower,seconds,reason
skew,0.02,polynomial,0,64,above_target,,6,3,,0.06817297734510842,0.0030250000418163836,
skew,0.02,polynomial,0,64,above_target,,7,3,,0.10708043894193592,0.002618200029246509,
skew,0.02,polynomial,0,64,above_target,,5,2,,0.08829394397341765,0.0025686000008136034,
skew,0.02,polynomial,0,128,above_target,,6,2,,0.02951705341620265,0.005155199964065105,
skew,0.02,polynomial,0,128,above_target,,7,3,,0.030092247657244414,0.005297199997585267,
skew,0.02,polynomial,0,128,above_target,,9,3,,0.03745562052860563,0.00505229999544099,
skew,0.02,polynomial,0,256,certified,,7,2,0.015550314018698663,,0.03698799997800961,
skew,0.02,polynomial,1,64,above_target,,6,3,,0.06817297734510842,0.002765399985946715,
skew,0.02,polynomial,1,64,above_target,,7,3,,0.10708043894193592,0.0026159999542869627,
skew,0.02,polynomial,1,64,above_target,,5,2,,0.08829394397341765,0.0025439999881200492,
skew,0.02,polynomial,1,128,above_target,,6,2,,0.02951705341620265,0.005165200040210038,
skew,0.02,polynomial,1,128,above_target,,7,3,,0.030092247657244414,0.005141100031323731,
skew,0.02,polynomial,1,128,above_target,,9,3,,0.03745562052860563,0.005114100000355393,
skew,0.02,polynomial,1,256,certified,,7,2,0.015550314018698663,,0.03747739997925237,
skew,0.02,polynomial,2,64,above_target,,6,3,,0.06817297734510842,0.002761300012934953,
skew,0.02,polynomial,2,64,above_target,,7,3,,0.10708043894193592,0.002584400004707277,
skew,0.02,polynomial,2,64,above_target,,5,2,,0.08829394397341765,0.0025596999912522733,
skew,0.02,polynomial,2,128,above_target,,6,2,,0.02951705341620265,0.0051036999793723226,
skew,0.02,polynomial,2,128,above_target,,7,3,,0.030092247657244414,0.005057000031229109,
skew,0.02,polynomial,2,128,above_target,,9,3,,0.03745562052860563,0.005120999994687736,
skew,0.02,polynomial,2,256,certified,,7,2,0.015550314018698663,,0.03758079995168373,
skew,0.02,uncorrected,0,64,above_target,"[5, 128]",,,,0.15994202026892337,0.006130599998869002,
skew,0.02,uncorrected,0,64,above_target,"[1, 32]",,,,0.20166809271162775,0.005947800003923476,
skew,0.02,uncorrected,0,64,above_target,"[3, 64]",,,,0.19861838467166437,0.0060187000199221075,
skew,0.02,uncorrected,0,128,above_target,"[3, 128]",,,,0.1132796175692266,0.012116799945943058,
skew,0.02,uncorrected,0,128,above_target,"[1, 64]",,,,0.11745484343685518,0.011659600015264004,
skew,0.02,uncorrected,0,128,above_target,"[5, 256]",,,,0.08219175306707907,0.011755799991078675,
skew,0.02,uncorrected,0,256,above_target,"[7, 512]",,,,0.0657396324500105,0.022991300036665052,
skew,0.02,uncorrected,0,256,above_target,"[1, 64]",,,,0.07233603574194405,0.02347750001354143,
skew,0.02,uncorrected,0,256,above_target,"[9, 512]",,,,0.08254632568091852,0.023425899969879538,
skew,0.02,uncorrected,0,512,above_target,"[1, 128]",,,,0.04040219665728203,0.04454999999143183,
skew,0.02,uncorrected,0,512,above_target,"[5, 512]",,,,0.04685983883712286,0.04545440000947565,
skew,0.02,uncorrected,0,512,above_target,"[9, 1024]",,,,0.0456520188678347,0.04520130000310019,
skew,0.02,uncorrected,0,1024,above_target,"[5, 1024]",,,,0.02355554489265958,0.08311390003655106,
skew,0.02,uncorrected,0,1024,above_target,"[9, 2048]",,,,0.024765036853001614,0.08274370001163334,
skew,0.02,uncorrected,0,1024,above_target,"[11, 2048]",,,,0.02616724280605672,0.08304470003349707,
skew,0.02,uncorrected,0,2048,certified,"[5, 2048]",,,0.013427271260849756,,0.3966029000002891,
skew,0.02,uncorrected,1,64,above_target,"[5, 128]",,,,0.15994202026892337,0.0060685999924317,
skew,0.02,uncorrected,1,64,above_target,"[1, 32]",,,,0.20166809271162775,0.00592500000493601,
skew,0.02,uncorrected,1,64,above_target,"[3, 64]",,,,0.19861838467166437,0.006041499960701913,
skew,0.02,uncorrected,1,128,above_target,"[3, 128]",,,,0.1132796175692266,0.01204830000642687,
skew,0.02,uncorrected,1,128,above_target,"[1, 64]",,,,0.11745484343685518,0.011528000002726912,
skew,0.02,uncorrected,1,128,above_target,"[5, 256]",,,,0.08219175306707907,0.01166760001797229,
skew,0.02,uncorrected,1,256,above_target,"[7, 512]",,,,0.0657396324500105,0.02285809995373711,
skew,0.02,uncorrected,1,256,above_target,"[1, 64]",,,,0.07233603574194405,0.023183099983725697,
skew,0.02,uncorrected,1,256,above_target,"[9, 512]",,,,0.08254632568091852,0.02341510000405833,
skew,0.02,uncorrected,1,512,above_target,"[1, 128]",,,,0.04040219665728203,0.04420619999291375,
skew,0.02,uncorrected,1,512,above_target,"[5, 512]",,,,0.04685983883712286,0.04531379998661578,
skew,0.02,uncorrected,1,512,above_target,"[9, 1024]",,,,0.0456520188678347,0.04468390002148226,
skew,0.02,uncorrected,1,1024,above_target,"[5, 1024]",,,,0.02355554489265958,0.08296369999879971,
skew,0.02,uncorrected,1,1024,above_target,"[9, 2048]",,,,0.024765036853001614,0.08309860003646463,
skew,0.02,uncorrected,1,1024,above_target,"[11, 2048]",,,,0.02616724280605672,0.08313590002944693,
skew,0.02,uncorrected,1,2048,certified,"[5, 2048]",,,0.013427271260849756,,0.40746959997341037,
skew,0.02,uncorrected,2,64,above_target,"[5, 128]",,,,0.15994202026892337,0.006114299991168082,
skew,0.02,uncorrected,2,64,above_target,"[1, 32]",,,,0.20166809271162775,0.005946999997831881,
skew,0.02,uncorrected,2,64,above_target,"[3, 64]",,,,0.19861838467166437,0.006089900038205087,
skew,0.02,uncorrected,2,128,above_target,"[3, 128]",,,,0.1132796175692266,0.012156200013123453,
skew,0.02,uncorrected,2,128,above_target,"[1, 64]",,,,0.11745484343685518,0.011682900018058717,
skew,0.02,uncorrected,2,128,above_target,"[5, 256]",,,,0.08219175306707907,0.011823800043202937,
skew,0.02,uncorrected,2,256,above_target,"[7, 512]",,,,0.0657396324500105,0.022973000013735145,
skew,0.02,uncorrected,2,256,above_target,"[1, 64]",,,,0.07233603574194405,0.023444299993570894,
skew,0.02,uncorrected,2,256,above_target,"[9, 512]",,,,0.08254632568091852,0.023112700029741973,
skew,0.02,uncorrected,2,512,above_target,"[1, 128]",,,,0.04040219665728203,0.04477809998206794,
skew,0.02,uncorrected,2,512,above_target,"[5, 512]",,,,0.04685983883712286,0.045671299973037094,
skew,0.02,uncorrected,2,512,above_target,"[9, 1024]",,,,0.0456520188678347,0.045327600033488125,
skew,0.02,uncorrected,2,1024,above_target,"[5, 1024]",,,,0.02355554489265958,0.08479160000570118,
skew,0.02,uncorrected,2,1024,above_target,"[9, 2048]",,,,0.024765036853001614,0.08396269998047501,
skew,0.02,uncorrected,2,1024,above_target,"[11, 2048]",,,,0.02616724280605672,0.0836350999888964,
skew,0.02,uncorrected,2,2048,certified,"[5, 2048]",,,0.013427271260849756,,0.4065955000114627,
skew,0.02,corrected,0,64,above_target,"[5, 64]",,,,0.14023221520177556,0.006564499984961003,
skew,0.02,corrected,0,64,above_target,"[3, 32]",,,,0.14760427793552053,0.0065790999797172844,
skew,0.02,corrected,0,64,above_target,"[11, 128]",,,,0.1324780313080953,0.006520399998407811,
skew,0.02,corrected,0,128,above_target,"[13, 256]",,,,0.045148394022878444,0.014189900015480816,
skew,0.02,corrected,0,128,above_target,"[3, 64]",,,,0.05245552848683287,0.014087299990933388,
skew,0.02,corrected,0,128,above_target,"[7, 128]",,,,0.052302193990527816,0.014124699984677136,
skew,0.02,corrected,0,256,certified,"[1, 32]",,,0.019198562988147663,,0.05978959996718913,
skew,0.02,corrected,1,64,above_target,"[5, 64]",,,,0.14023221520177556,0.0065954000456258655,
skew,0.02,corrected,1,64,above_target,"[3, 32]",,,,0.14760427793552053,0.006653300020843744,
skew,0.02,corrected,1,64,above_target,"[11, 128]",,,,0.1324780313080953,0.006591500015929341,
skew,0.02,corrected,1,128,above_target,"[13, 256]",,,,0.045148394022878444,0.01445020001847297,
skew,0.02,corrected,1,128,above_target,"[3, 64]",,,,0.05245552848683287,0.014183700026478618,
skew,0.02,corrected,1,128,above_target,"[7, 128]",,,,0.052302193990527816,0.014273500011768192,
skew,0.02,corrected,1,256,certified,"[1, 32]",,,0.019198562988147663,,0.06047440000111237,
skew,0.02,corrected,2,64,above_target,"[5, 64]",,,,0.14023221520177556,0.006644899956882,
skew,0.02,corrected,2,64,above_target,"[3, 32]",,,,0.14760427793552053,0.006605200003832579,
skew,0.02,corrected,2,64,above_target,"[11, 128]",,,,0.1324780313080953,0.006587499985471368,
skew,0.02,corrected,2,128,above_target,"[13, 256]",,,,0.045148394022878444,0.014271199994254857,
skew,0.02,corrected,2,128,above_target,"[3, 64]",,,,0.05245552848683287,0.01401159999659285,
skew,0.02,corrected,2,128,above_target,"[7, 128]",,,,0.052302193990527816,0.01433439995162189,
skew,0.02,corrected,2,256,certified,"[1, 32]",,,0.019198562988147663,,0.059817400004249066,
skew,0.01,polynomial,0,64,above_target,,6,3,,0.06817297734510842,0.0026937000220641494,
skew,0.01,polynomial,0,64,above_target,,7,3,,0.10708043894193592,0.0025795000256039202,
skew,0.01,polynomial,0,64,above_target,,5,2,,0.08829394397341765,0.0025552999577485025,
skew,0.01,polynomial,0,128,above_target,,6,2,,0.02951705341620265,0.005112899991218001,
skew,0.01,polynomial,0,128,above_target,,7,3,,0.030092247657244414,0.005063800024800003,
skew,0.01,polynomial,0,128,above_target,,9,3,,0.03745562052860563,0.005063700024038553,
skew,0.01,polynomial,0,256,above_target,,7,2,,0.014823668820831297,0.010042799985967577,
skew,0.01,polynomial,0,256,above_target,,7,3,,0.01490042422918935,0.01003800000762567,
skew,0.01,polynomial,0,256,above_target,,9,3,,0.015128123422890265,0.01244239998050034,
skew,0.01,polynomial,0,512,certified,,15,3,0.008149053524868898,,0.07001950003905222,
skew,0.01,polynomial,1,64,above_target,,6,3,,0.06817297734510842,0.002730500011239201,
skew,0.01,polynomial,1,64,above_target,,7,3,,0.10708043894193592,0.0025816999841481447,
skew,0.01,polynomial,1,64,above_target,,5,2,,0.08829394397341765,0.002551900048274547,
skew,0.01,polynomial,1,128,above_target,,6,2,,0.02951705341620265,0.005131000012625009,
skew,0.01,polynomial,1,128,above_target,,7,3,,0.030092247657244414,0.00503599998774007,
skew,0.01,polynomial,1,128,above_target,,9,3,,0.03745562052860563,0.005390300008002669,
skew,0.01,polynomial,1,256,above_target,,7,2,,0.014823668820831297,0.010018799977842718,
skew,0.01,polynomial,1,256,above_target,,7,3,,0.01490042422918935,0.009875599993392825,
skew,0.01,polynomial,1,256,above_target,,9,3,,0.015128123422890265,0.009974599990528077,
skew,0.01,polynomial,1,512,certified,,15,3,0.008149053524868898,,0.07881259999703616,
skew,0.01,polynomial,2,64,above_target,,6,3,,0.06817297734510842,0.0027221000054851174,
skew,0.01,polynomial,2,64,above_target,,7,3,,0.10708043894193592,0.0025926000089384615,
skew,0.01,polynomial,2,64,above_target,,5,2,,0.08829394397341765,0.0025374999968335032,
skew,0.01,polynomial,2,128,above_target,,6,2,,0.02951705341620265,0.005103199975565076,
skew,0.01,polynomial,2,128,above_target,,7,3,,0.030092247657244414,0.005041700031142682,
skew,0.01,polynomial,2,128,above_target,,9,3,,0.03745562052860563,0.0050734999822452664,
skew,0.01,polynomial,2,256,above_target,,7,2,,0.014823668820831297,0.010716199991293252,
skew,0.01,polynomial,2,256,above_target,,7,3,,0.01490042422918935,0.010037300002295524,
skew,0.01,polynomial,2,256,above_target,,9,3,,0.015128123422890265,0.01004069996997714,
skew,0.01,polynomial,2,512,certified,,15,3,0.008149053524868898,,0.07022180000785738,
skew,0.01,uncorrected,0,64,above_target,"[5, 128]",,,,0.15994202026892337,0.006114899995736778,
skew,0.01,uncorrected,0,64,above_target,"[1, 32]",,,,0.20166809271162775,0.005930700048338622,
skew,0.01,uncorrected,0,64,above_target,"[3, 64]",,,,0.19861838467166437,0.0060885000275447965,
skew,0.01,uncorrected,0,128,above_target,"[3, 128]",,,,0.1132796175692266,0.012233299959916621,
skew,0.01,uncorrected,0,128,above_target,"[1, 64]",,,,0.11745484343685518,0.011729199963156134,
skew,0.01,uncorrected,0,128,above_target,"[5, 256]",,,,0.08219175306707907,0.011791099968831986,
skew,0.01,uncorrected,0,256,above_target,"[7, 512]",,,,0.0657396324500105,0.02317830000538379,
skew,0.01,uncorrected,0,256,above_target,"[1, 64]",,,,0.07233603574194405,0.023474899993743747,
skew,0.01,uncorrected,0,256,above_target,"[9, 512]",,,,0.08254632568091852,0.02331469999626279,
skew,0.01,uncorrected,0,512,above_target,"[1, 128]",,,,0.04040219665728203,0.0441757999942638,
skew,0.01,uncorrected,0,512,above_target,"[5, 512]",,,,0.04685983883712286,0.045368799997959286,
skew,0.01,uncorrected,0,512,above_target,"[9, 1024]",,,,0.0456520188678347,0.04422779998276383,
skew,0.01,uncorrected,0,1024,above_target,"[5, 1024]",,,,0.02355554489265958,0.08230100001674145,
skew,0.01,uncorrected,0,1024,above_target,"[9, 2048]",,,,0.024765036853001614,0.08191880001686513,
skew,0.01,uncorrected,0,1024,above_target,"[11, 2048]",,,,0.02616724280605672,0.08187509997515008,
skew,0.01,uncorrected,0,2048,above_target,"[5, 2048]",,,,0.013086181590973807,0.17196339997462928,
skew,0.01,uncorrected,0,2048,above_target,"[11, 4096]",,,,0.013121320964764628,0.17286349995993078,
skew,0.01,uncorrected,0,2048,above_target,"[3, 1024]",,,,0.014433473870545884,0.17246149998391047,
skew,0.01,uncorrected,0,4096,certified,"[13, 8192]",,,0.007887026279947097,,0.7925552999950014,
skew,0.01,uncorrected,1,64,above_target,"[5, 128]",,,,0.15994202026892337,0.006238200003281236,
skew,0.01,uncorrected,1,64,above_target,"[1, 32]",,,,0.20166809271162775,0.005960800044704229,
skew,0.01,uncorrected,1,64,above_target,"[3, 64]",,,,0.19861838467166437,0.0060857999487780035,
skew,0.01,uncorrected,1,128,above_target,"[3, 128]",,,,0.1132796175692266,0.01228249998530373,
skew,0.01,uncorrected,1,128,above_target,"[1, 64]",,,,0.11745484343685518,0.011708500038366765,
skew,0.01,uncorrected,1,128,above_target,"[5, 256]",,,,0.08219175306707907,0.011795300000812858,
skew,0.01,uncorrected,1,256,above_target,"[7, 512]",,,,0.0657396324500105,0.02318880002712831,
skew,0.01,uncorrected,1,256,above_target,"[1, 64]",,,,0.07233603574194405,0.023545999953057617,
skew,0.01,uncorrected,1,256,above_target,"[9, 512]",,,,0.08254632568091852,0.023676900018472224,
skew,0.01,uncorrected,1,512,above_target,"[1, 128]",,,,0.04040219665728203,0.045275700045749545,
skew,0.01,uncorrected,1,512,above_target,"[5, 512]",,,,0.04685983883712286,0.04572090000147,
skew,0.01,uncorrected,1,512,above_target,"[9, 1024]",,,,0.0456520188678347,0.045564400032162666,
skew,0.01,uncorrected,1,1024,above_target,"[5, 1024]",,,,0.02355554489265958,0.08454020001227036,
skew,0.01,uncorrected,1,1024,above_target,"[9, 2048]",,,,0.024765036853001614,0.0842743999673985,
skew,0.01,uncorrected,1,1024,above_target,"[11, 2048]",,,,0.02616724280605672,0.08364329999312758,
skew,0.01,uncorrected,1,2048,above_target,"[5, 2048]",,,,0.013086181590973807,0.17498050001449883,
skew,0.01,uncorrected,1,2048,above_target,"[11, 4096]",,,,0.013121320964764628,0.1752033000229858,
skew,0.01,uncorrected,1,2048,above_target,"[3, 1024]",,,,0.014433473870545884,0.1749963000183925,
skew,0.01,uncorrected,1,4096,certified,"[13, 8192]",,,0.007887026279947097,,0.7856327000190504,
skew,0.01,uncorrected,2,64,above_target,"[5, 128]",,,,0.15994202026892337,0.0060804999666288495,
skew,0.01,uncorrected,2,64,above_target,"[1, 32]",,,,0.20166809271162775,0.005979000008665025,
skew,0.01,uncorrected,2,64,above_target,"[3, 64]",,,,0.19861838467166437,0.0060789999552071095,
skew,0.01,uncorrected,2,128,above_target,"[3, 128]",,,,0.1132796175692266,0.012282300041988492,
skew,0.01,uncorrected,2,128,above_target,"[1, 64]",,,,0.11745484343685518,0.011720600014086813,
skew,0.01,uncorrected,2,128,above_target,"[5, 256]",,,,0.08219175306707907,0.01189719996182248,
skew,0.01,uncorrected,2,256,above_target,"[7, 512]",,,,0.0657396324500105,0.023204100027214736,
skew,0.01,uncorrected,2,256,above_target,"[1, 64]",,,,0.07233603574194405,0.023517300025559962,
skew,0.01,uncorrected,2,256,above_target,"[9, 512]",,,,0.08254632568091852,0.02375759999267757,
skew,0.01,uncorrected,2,512,above_target,"[1, 128]",,,,0.04040219665728203,0.04472500004339963,
skew,0.01,uncorrected,2,512,above_target,"[5, 512]",,,,0.04685983883712286,0.045856499986257404,
skew,0.01,uncorrected,2,512,above_target,"[9, 1024]",,,,0.0456520188678347,0.045511400036048144,
skew,0.01,uncorrected,2,1024,above_target,"[5, 1024]",,,,0.02355554489265958,0.0846464000060223,
skew,0.01,uncorrected,2,1024,above_target,"[9, 2048]",,,,0.024765036853001614,0.08366950001800433,
skew,0.01,uncorrected,2,1024,above_target,"[11, 2048]",,,,0.02616724280605672,0.08332670002710074,
skew,0.01,uncorrected,2,2048,above_target,"[5, 2048]",,,,0.013086181590973807,0.17411759996321052,
skew,0.01,uncorrected,2,2048,above_target,"[11, 4096]",,,,0.013121320964764628,0.17267910001100972,
skew,0.01,uncorrected,2,2048,above_target,"[3, 1024]",,,,0.014433473870545884,0.17208949994528666,
skew,0.01,uncorrected,2,4096,certified,"[13, 8192]",,,0.007887026279947097,,0.7854993000510149,
skew,0.01,corrected,0,64,above_target,"[5, 64]",,,,0.14023221520177556,0.006544700008817017,
skew,0.01,corrected,0,64,above_target,"[3, 32]",,,,0.14760427793552053,0.006626999995205551,
skew,0.01,corrected,0,64,above_target,"[11, 128]",,,,0.1324780313080953,0.0065679000108502805,
skew,0.01,corrected,0,128,above_target,"[13, 256]",,,,0.045148394022878444,0.014262999990023673,
skew,0.01,corrected,0,128,above_target,"[3, 64]",,,,0.05245552848683287,0.0140543999732472,
skew,0.01,corrected,0,128,above_target,"[7, 128]",,,,0.052302193990527816,0.014200799982063472,
skew,0.01,corrected,0,256,above_target,"[1, 32]",,,,0.018508713318603688,0.024636699992697686,
skew,0.01,corrected,0,256,above_target,"[17, 512]",,,,0.020706675238769335,0.02575039997464046,
skew,0.01,corrected,0,256,above_target,"[15, 512]",,,,0.01808453296090965,0.024936100002378225,
skew,0.01,corrected,0,512,certified,"[5, 256]",,,0.008522602962402412,,0.1090081000002101,
skew,0.01,corrected,1,64,above_target,"[5, 64]",,,,0.14023221520177556,0.006572499987669289,
skew,0.01,corrected,1,64,above_target,"[3, 32]",,,,0.14760427793552053,0.006590300006791949,
skew,0.01,corrected,1,64,above_target,"[11, 128]",,,,0.1324780313080953,0.0064990000100806355,
skew,0.01,corrected,1,128,above_target,"[13, 256]",,,,0.045148394022878444,0.014286099991295487,
skew,0.01,corrected,1,128,above_target,"[3, 64]",,,,0.05245552848683287,0.014127700007520616,
skew,0.01,corrected,1,128,above_target,"[7, 128]",,,,0.052302193990527816,0.014262200042139739,
skew,0.01,corrected,1,256,above_target,"[1, 32]",,,,0.018508713318603688,0.02522599999792874,
skew,0.01,corrected,1,256,above_target,"[17, 512]",,,,0.020706675238769335,0.026556700002402067,
skew,0.01,corrected,1,256,above_target,"[15, 512]",,,,0.01808453296090965,0.025115199969150126,
skew,0.01,corrected,1,512,certified,"[5, 256]",,,0.008522602962402412,,0.11265690001891926,
skew,0.01,corrected,2,64,above_target,"[5, 64]",,,,0.14023221520177556,0.006593300029635429,
skew,0.01,corrected,2,64,above_target,"[3, 32]",,,,0.14760427793552053,0.006609800038859248,
skew,0.01,corrected,2,64,above_target,"[11, 128]",,,,0.1324780313080953,0.0065243999706581235,
skew,0.01,corrected,2,128,above_target,"[13, 256]",,,,0.045148394022878444,0.014316099986899644,
skew,0.01,corrected,2,128,above_target,"[3, 64]",,,,0.05245552848683287,0.014101499982643872,
skew,0.01,corrected,2,128,above_target,"[7, 128]",,,,0.052302193990527816,0.014169299975037575,
skew,0.01,corrected,2,256,above_target,"[1, 32]",,,,0.018508713318603688,0.024984499963466078,
skew,0.01,corrected,2,256,above_target,"[17, 512]",,,,0.020706675238769335,0.026244000007864088,
skew,0.01,corrected,2,256,above_target,"[15, 512]",,,,0.01808453296090965,0.0249457000172697,
skew,0.01,corrected,2,512,certified,"[5, 256]",,,0.008522602962402412,,0.11445299995830283,
skew_strong,0.02,polynomial,0,64,above_target,,5,3,,0.06070575709729317,0.0030619000317528844,
skew_strong,0.02,polynomial,0,64,above_target,,4,2,,0.14665306603245323,0.0028859999729320407,
skew_strong,0.02,polynomial,0,64,above_target,,6,3,,0.1893558783008364,0.0029002000228501856,
skew_strong,0.02,polynomial,0,128,above_target,,6,3,,0.03538097510562132,0.005795900011435151,
skew_strong,0.02,polynomial,0,128,above_target,,7,3,,0.053850956351187196,0.005724499991629273,
skew_strong,0.02,polynomial,0,128,above_target,,8,3,,0.050452834526889985,0.0057468999875709414,
skew_strong,0.02,polynomial,0,256,certified,,7,3,0.015648250014015264,,0.04476570000406355,
skew_strong,0.02,polynomial,1,64,above_target,,5,3,,0.06070575709729317,0.0030093000386841595,
skew_strong,0.02,polynomial,1,64,above_target,,4,2,,0.14665306603245323,0.0028240000247024,
skew_strong,0.02,polynomial,1,64,above_target,,6,3,,0.1893558783008364,0.0028577999910339713,
skew_strong,0.02,polynomial,1,128,above_target,,6,3,,0.03538097510562132,0.005669899983331561,
skew_strong,0.02,polynomial,1,128,above_target,,7,3,,0.053850956351187196,0.005610199994407594,
skew_strong,0.02,polynomial,1,128,above_target,,8,3,,0.050452834526889985,0.005590700020547956,
skew_strong,0.02,polynomial,1,256,certified,,7,3,0.015648250014015264,,0.043556799995712936,
skew_strong,0.02,polynomial,2,64,above_target,,5,3,,0.06070575709729317,0.0031136000179685652,
skew_strong,0.02,polynomial,2,64,above_target,,4,2,,0.14665306603245323,0.002883400011342019,
skew_strong,0.02,polynomial,2,64,above_target,,6,3,,0.1893558783008364,0.0028912999550811946,
skew_strong,0.02,polynomial,2,128,above_target,,6,3,,0.03538097510562132,0.005866199964657426,
skew_strong,0.02,polynomial,2,128,above_target,,7,3,,0.053850956351187196,0.0057212000247091055,
skew_strong,0.02,polynomial,2,128,above_target,,8,3,,0.050452834526889985,0.005749500007368624,
skew_strong,0.02,polynomial,2,256,certified,,7,3,0.015648250014015264,,0.04575950000435114,
skew_strong,0.02,uncorrected,0,64,above_target,"[1, 32]",,,,0.15080212969622878,0.00658430001931265,
skew_strong,0.02,uncorrected,0,64,above_target,"[5, 128]",,,,0.19707626823250843,0.006569200020749122,
skew_strong,0.02,uncorrected,0,64,above_target,"[3, 64]",,,,0.24232986958041147,0.007110400008969009,
skew_strong,0.02,uncorrected,0,128,above_target,"[5, 256]",,,,0.12103498618425776,0.01934960001381114,
skew_strong,0.02,uncorrected,0,128,above_target,"[3, 128]",,,,0.12973804092838306,0.012328099983278662,
skew_strong,0.02,uncorrected,0,128,above_target,"[1, 64]",,,,0.13924318340497735,0.01219370000762865,
skew_strong,0.02,uncorrected,0,256,not_certified,"[3, 256]",,,,,0.006541899987496436,A branch endpoint is not strictly dominated after reconstruction.
skew_strong,0.02,uncorrected,0,256,above_target,"[1, 64]",,,,0.0905204310463456,0.028110900020692497,
skew_strong,0.02,uncorrected,0,256,above_target,"[7, 512]",,,,0.08721909158520157,0.02488789998460561,
skew_strong,0.02,uncorrected,0,512,above_target,"[9, 1024]",,,,0.05001087478631521,0.04856199998175725,
skew_strong,0.02,uncorrected,0,512,above_target,"[1, 128]",,,,0.05685437224041222,0.04641389998141676,
skew_strong,0.02,uncorrected,0,512,above_target,"[3, 512]",,,,0.05292055273642917,0.04507589997956529,
skew_strong,0.02,uncorrected,0,1024,above_target,"[5, 1024]",,,,0.02817707905715788,0.09160320000955835,
skew_strong,0.02,uncorrected,0,1024,above_target,"[9, 2048]",,,,0.025117200905202593,0.08934300002874807,
skew_strong,0.02,uncorrected,0,1024,above_target,"[11, 2048]",,,,0.031235416495555744,0.09106989996507764,
skew_strong,0.02,uncorrected,0,2048,certified,"[5, 2048]",,,0.014828490392595699,,0.44140279997373,
skew_strong,0.02,uncorrected,1,64,above_target,"[1, 32]",,,,0.15080212969622878,0.006603199988603592,
skew_strong,0.02,uncorrected,1,64,above_target,"[5, 128]",,,,0.19707626823250843,0.00657819997286424,
skew_strong,0.02,uncorrected,1,64,above_target,"[3, 64]",,,,0.24232986958041147,0.007109199999831617,
skew_strong,0.02,uncorrected,1,128,above_target,"[5, 256]",,,,0.12103498618425776,0.012199000047985464,
skew_strong,0.02,uncorrected,1,128,above_target,"[3, 128]",,,,0.12973804092838306,0.012191899993922561,
skew_strong,0.02,uncorrected,1,128,above_target,"[1, 64]",,,,0.13924318340497735,0.012101400003302842,
skew_strong,0.02,uncorrected,1,256,not_certified,"[3, 256]",,,,,0.00660349999088794,A branch endpoint is not strictly dominated after reconstruction.
skew_strong,0.02,uncorrected,1,256,above_target,"[1, 64]",,,,0.0905204310463456,0.024934399989433587,
skew_strong,0.02,uncorrected,1,256,above_target,"[7, 512]",,,,0.08721909158520157,0.024816199962515384,
skew_strong,0.02,uncorrected,1,512,above_target,"[9, 1024]",,,,0.05001087478631521,0.048463899991475046,
skew_strong,0.02,uncorrected,1,512,above_target,"[1, 128]",,,,0.05685437224041222,0.04617230000440031,
skew_strong,0.02,uncorrected,1,512,above_target,"[3, 512]",,,,0.05292055273642917,0.04491300001973286,
skew_strong,0.02,uncorrected,1,1024,above_target,"[5, 1024]",,,,0.02817707905715788,0.09156779997283593,
skew_strong,0.02,uncorrected,1,1024,above_target,"[9, 2048]",,,,0.025117200905202593,0.0896659999853,
skew_strong,0.02,uncorrected,1,1024,above_target,"[11, 2048]",,,,0.031235416495555744,0.09119539998937398,
skew_strong,0.02,uncorrected,1,2048,certified,"[5, 2048]",,,0.014828490392595699,,0.4393537000287324,
skew_strong,0.02,uncorrected,2,64,above_target,"[1, 32]",,,,0.15080212969622878,0.006615700025577098,
skew_strong,0.02,uncorrected,2,64,above_target,"[5, 128]",,,,0.19707626823250843,0.006662400031927973,
skew_strong,0.02,uncorrected,2,64,above_target,"[3, 64]",,,,0.24232986958041147,0.007085399993229657,
skew_strong,0.02,uncorrected,2,128,above_target,"[5, 256]",,,,0.12103498618425776,0.012243399978615344,
skew_strong,0.02,uncorrected,2,128,above_target,"[3, 128]",,,,0.12973804092838306,0.01213300001109019,
skew_strong,0.02,uncorrected,2,128,above_target,"[1, 64]",,,,0.13924318340497735,0.012149700021836907,
skew_strong,0.02,uncorrected,2,256,not_certified,"[3, 256]",,,,,0.006502100033685565,A branch endpoint is not strictly dominated after reconstruction.
skew_strong,0.02,uncorrected,2,256,above_target,"[1, 64]",,,,0.0905204310463456,0.025048299983609468,
skew_strong,0.02,uncorrected,2,256,above_target,"[7, 512]",,,,0.08721909158520157,0.02481390000320971,
skew_strong,0.02,uncorrected,2,512,above_target,"[9, 1024]",,,,0.05001087478631521,0.04871219996130094,
skew_strong,0.02,uncorrected,2,512,above_target,"[1, 128]",,,,0.05685437224041222,0.046067000017501414,
skew_strong,0.02,uncorrected,2,512,above_target,"[3, 512]",,,,0.05292055273642917,0.04540930001530796,
skew_strong,0.02,uncorrected,2,1024,above_target,"[5, 1024]",,,,0.02817707905715788,0.09155389998340979,
skew_strong,0.02,uncorrected,2,1024,above_target,"[9, 2048]",,,,0.025117200905202593,0.08954770001582801,
skew_strong,0.02,uncorrected,2,1024,above_target,"[11, 2048]",,,,0.031235416495555744,0.09112810000078753,
skew_strong,0.02,uncorrected,2,2048,certified,"[5, 2048]",,,0.014828490392595699,,0.44204230001196265,
skew_strong,0.02,corrected,0,64,above_target,"[9, 128]",,,,0.14537181363467505,0.007813400006853044,
skew_strong,0.02,corrected,0,64,above_target,"[5, 64]",,,,0.17088721023542275,0.0076422999845817685,
skew_strong,0.02,corrected,0,64,above_target,"[1, 16]",,,,0.1429135958431012,0.007699300011154264,
skew_strong,0.02,corrected,0,128,above_target,"[3, 64]",,,,0.07658237606185346,0.012763100035954267,
skew_strong,0.02,corrected,0,128,above_target,"[13, 256]",,,,0.07478282257890999,0.012610199977643788,
skew_strong,0.02,corrected,0,128,above_target,"[7, 128]",,,,0.0865642585102185,0.013677100010681897,
skew_strong,0.02,corrected,0,256,above_target,"[3, 128]",,,,0.03159421529798273,0.026840100006666034,
skew_strong,0.02,corrected,0,256,above_target,"[13, 512]",,,,0.025240714057278166,0.026442600006703287,
skew_strong,0.02,corrected,0,256,above_target,"[1, 32]",,,,0.029008559641078808,0.027139300014823675,
skew_strong,0.02,corrected,0,512,certified,"[17, 1024]",,,0.008854031512007665,,0.11967169999843463,
skew_strong,0.02,corrected,1,64,above_target,"[9, 128]",,,,0.14537181363467505,0.0079060000134632,
skew_strong,0.02,corrected,1,64,above_target,"[5, 64]",,,,0.17088721023542275,0.00773399998433888,
skew_strong,0.02,corrected,1,64,above_target,"[1, 16]",,,,0.1429135958431012,0.007678099966142327,
skew_strong,0.02,corrected,1,128,above_target,"[3, 64]",,,,0.07658237606185346,0.01280689996201545,
skew_strong,0.02,corrected,1,128,above_target,"[13, 256]",,,,0.07478282257890999,0.012715299963019788,
skew_strong,0.02,corrected,1,128,above_target,"[7, 128]",,,,0.0865642585102185,0.013504199974704534,
skew_strong,0.02,corrected,1,256,above_target,"[3, 128]",,,,0.03159421529798273,0.026501999993342906,
skew_strong,0.02,corrected,1,256,above_target,"[13, 512]",,,,0.025240714057278166,0.026469799980986863,
skew_strong,0.02,corrected,1,256,above_target,"[1, 32]",,,,0.029008559641078808,0.027231400017626584,
skew_strong,0.02,corrected,1,512,certified,"[17, 1024]",,,0.008854031512007665,,0.12062760000117123,
skew_strong,0.02,corrected,2,64,above_target,"[9, 128]",,,,0.14537181363467505,0.008035100006964058,
skew_strong,0.02,corrected,2,64,above_target,"[5, 64]",,,,0.17088721023542275,0.007756599981803447,
skew_strong,0.02,corrected,2,64,above_target,"[1, 16]",,,,0.1429135958431012,0.0077594000031240284,
skew_strong,0.02,corrected,2,128,above_target,"[3, 64]",,,,0.07658237606185346,0.012991400028113276,
skew_strong,0.02,corrected,2,128,above_target,"[13, 256]",,,,0.07478282257890999,0.013079900003504008,
skew_strong,0.02,corrected,2,128,above_target,"[7, 128]",,,,0.0865642585102185,0.013785600021947175,
skew_strong,0.02,corrected,2,256,above_target,"[3, 128]",,,,0.03159421529798273,0.0269444000441581,
skew_strong,0.02,corrected,2,256,above_target,"[13, 512]",,,,0.025240714057278166,0.02711940003791824,
skew_strong,0.02,corrected,2,256,above_target,"[1, 32]",,,,0.029008559641078808,0.027610299992375076,
skew_strong,0.02,corrected,2,512,certified,"[17, 1024]",,,0.008854031512007665,,0.12745689996518195,
skew_strong,0.01,polynomial,0,64,above_target,,5,3,,0.06070575709729317,0.0029427999979816377,
skew_strong,0.01,polynomial,0,64,above_target,,4,2,,0.14665306603245323,0.002813099999912083,
skew_strong,0.01,polynomial,0,64,above_target,,6,3,,0.1893558783008364,0.0028296999516896904,
skew_strong,0.01,polynomial,0,128,above_target,,6,3,,0.03538097510562132,0.005694199993740767,
skew_strong,0.01,polynomial,0,128,above_target,,7,3,,0.053850956351187196,0.005566100007854402,
skew_strong,0.01,polynomial,0,128,above_target,,8,3,,0.050452834526889985,0.00561240001115948,
skew_strong,0.01,polynomial,0,256,above_target,,7,3,,0.014994242276249962,0.01145719998748973,
skew_strong,0.01,polynomial,0,256,above_target,,9,3,,0.01524668669514068,0.011282999999821186,
skew_strong,0.01,polynomial,0,256,above_target,,6,2,,0.015212353638475158,0.011268700007349253,
skew_strong,0.01,polynomial,0,512,certified,,9,3,0.007974739435306208,,0.08091759996023029,
skew_strong,0.01,polynomial,1,64,above_target,,5,3,,0.06070575709729317,0.0030837999656796455,
skew_strong,0.01,polynomial,1,64,above_target,,4,2,,0.14665306603245323,0.002868900017347187,
skew_strong,0.01,polynomial,1,64,above_target,,6,3,,0.1893558783008364,0.002930500020738691,
skew_strong,0.01,polynomial,1,128,above_target,,6,3,,0.03538097510562132,0.00580939999781549,
skew_strong,0.01,polynomial,1,128,above_target,,7,3,,0.053850956351187196,0.005726000003051013,
skew_strong,0.01,polynomial,1,128,above_target,,8,3,,0.050452834526889985,0.005756500002462417,
skew_strong,0.01,polynomial,1,256,above_target,,7,3,,0.014994242276249962,0.011484800023026764,
skew_strong,0.01,polynomial,1,256,above_target,,9,3,,0.01524668669514068,0.011273999989498407,
skew_strong,0.01,polynomial,1,256,above_target,,6,2,,0.015212353638475158,0.01124679995700717,
skew_strong,0.01,polynomial,1,512,certified,,9,3,0.007974739435306208,,0.09088710002833977,
skew_strong,0.01,polynomial,2,64,above_target,,5,3,,0.06070575709729317,0.0030436000088229775,
skew_strong,0.01,polynomial,2,64,above_target,,4,2,,0.14665306603245323,0.002852599951438606,
skew_strong,0.01,polynomial,2,64,above_target,,6,3,,0.1893558783008364,0.0028930000262334943,
skew_strong,0.01,polynomial,2,128,above_target,,6,3,,0.03538097510562132,0.005815999989863485,
skew_strong,0.01,polynomial,2,128,above_target,,7,3,,0.053850956351187196,0.005755000049248338,
skew_strong,0.01,polynomial,2,128,above_target,,8,3,,0.050452834526889985,0.005780100007541478,
skew_strong,0.01,polynomial,2,256,above_target,,7,3,,0.014994242276249962,0.011452899954747409,
skew_strong,0.01,polynomial,2,256,above_target,,9,3,,0.01524668669514068,0.01129719999153167,
skew_strong,0.01,polynomial,2,256,above_target,,6,2,,0.015212353638475158,0.01109720004023984,
skew_strong,0.01,polynomial,2,512,certified,,9,3,0.007974739435306208,,0.0795456999912858,
skew_strong,0.01,uncorrected,0,64,above_target,"[1, 32]",,,,0.15080212969622878,0.006679199985228479,
skew_strong,0.01,uncorrected,0,64,above_target,"[5, 128]",,,,0.19707626823250843,0.006582600006368011,
skew_strong,0.01,uncorrected,0,64,above_target,"[3, 64]",,,,0.24232986958041147,0.007055800000671297,
skew_strong,0.01,uncorrected,0,128,above_target,"[5, 256]",,,,0.12103498618425776,0.012329699995461851,
skew_strong,0.01,uncorrected,0,128,above_target,"[3, 128]",,,,0.12973804092838306,0.012164700019638985,
skew_strong,0.01,uncorrected,0,128,above_target,"[1, 64]",,,,0.13924318340497735,0.012026800017338246,
skew_strong,0.01,uncorrected,0,256,not_certified,"[3, 256]",,,,,0.0066759999608621,A branch endpoint is not strictly dominated after reconstruction.
skew_strong,0.01,uncorrected,0,256,above_target,"[1, 64]",,,,0.0905204310463456,0.024852000002283603,
skew_strong,0.01,uncorrected,0,256,above_target,"[7, 512]",,,,0.08721909158520157,0.024866099993232638,
skew_strong,0.01,uncorrected,0,512,above_target,"[9, 1024]",,,,0.05001087478631521,0.048573399952147156,
skew_strong,0.01,uncorrected,0,512,above_target,"[1, 128]",,,,0.05685437224041222,0.04608090000692755,
skew_strong,0.01,uncorrected,0,512,above_target,"[3, 512]",,,,0.05292055273642917,0.04502700001467019,
skew_strong,0.01,uncorrected,0,1024,above_target,"[5, 1024]",,,,0.02817707905715788,0.09167420002631843,
skew_strong,0.01,uncorrected,0,1024,above_target,"[9, 2048]",,,,0.025117200905202593,0.09269770001992583,
skew_strong,0.01,uncorrected,0,1024,above_target,"[11, 2048]",,,,0.031235416495555744,0.09118069999385625,
skew_strong,0.01,uncorrected,0,2048,above_target,"[5, 2048]",,,,0.0141223889504574,0.1801666000392288,
skew_strong,0.01,uncorrected,0,2048,above_target,"[9, 4096]",,,,0.014951147662126591,0.17663260002154857,
skew_strong,0.01,uncorrected,0,2048,above_target,"[11, 4096]",,,,0.015658396914197403,0.1808918999740854,
skew_strong,0.01,uncorrected,0,4096,certified,"[5, 4096]",,,0.00713040590567889,,0.8710085000493564,
skew_strong,0.01,uncorrected,1,64,above_target,"[1, 32]",,,,0.15080212969622878,0.0066102000419050455,
skew_strong,0.01,uncorrected,1,64,above_target,"[5, 128]",,,,0.19707626823250843,0.0064990000100806355,
skew_strong,0.01,uncorrected,1,64,above_target,"[3, 64]",,,,0.24232986958041147,0.006985399988479912,
skew_strong,0.01,uncorrected,1,128,above_target,"[5, 256]",,,,0.12103498618425776,0.01208089996362105,
skew_strong,0.01,uncorrected,1,128,above_target,"[3, 128]",,,,0.12973804092838306,0.011964600009378046,
skew_strong,0.01,uncorrected,1,128,above_target,"[1, 64]",,,,0.13924318340497735,0.012000399990938604,
skew_strong,0.01,uncorrected,1,256,not_certified,"[3, 256]",,,,,0.006420999998226762,A branch endpoint is not strictly dominated after reconstruction.
skew_strong,0.01,uncorrected,1,256,above_target,"[1, 64]",,,,0.0905204310463456,0.024468199990224093,
skew_strong,0.01,uncorrected,1,256,above_target,"[7, 512]",,,,0.08721909158520157,0.02455159998498857,
skew_strong,0.01,uncorrected,1,512,above_target,"[9, 1024]",,,,0.05001087478631521,0.04859630001010373,
skew_strong,0.01,uncorrected,1,512,above_target,"[1, 128]",,,,0.05685437224041222,0.045955699984915555,
skew_strong,0.01,uncorrected,1,512,above_target,"[3, 512]",,,,0.05292055273642917,0.045271300012245774,
skew_strong,0.01,uncorrected,1,1024,above_target,"[5, 1024]",,,,0.02817707905715788,0.09151890000794083,
skew_strong,0.01,uncorrected,1,1024,above_target,"[9, 2048]",,,,0.025117200905202593,0.08960899995872751,
skew_strong,0.01,uncorrected,1,1024,above_target,"[11, 2048]",,,,0.031235416495555744,0.09135990001959726,
skew_strong,0.01,uncorrected,1,2048,above_target,"[5, 2048]",,,,0.0141223889504574,0.18397950002690777,
skew_strong,0.01,uncorrected,1,2048,above_target,"[9, 4096]",,,,0.014951147662126591,0.18515629996545613,
skew_strong,0.01,uncorrected,1,2048,above_target,"[11, 4096]",,,,0.015658396914197403,0.18572030001087114,
skew_strong,0.01,uncorrected,1,4096,certified,"[5, 4096]",,,0.00713040590567889,,0.8770773999858648,
skew_strong,0.01,uncorrected,2,64,above_target,"[1, 32]",,,,0.15080212969622878,0.006629000010434538,
skew_strong,0.01,uncorrected,2,64,above_target,"[5, 128]",,,,0.19707626823250843,0.006469500018283725,
skew_strong,0.01,uncorrected,2,64,above_target,"[3, 64]",,,,0.24232986958041147,0.006973699957598001,
skew_strong,0.01,uncorrected,2,128,above_target,"[5, 256]",,,,0.12103498618425776,0.012048700009472668,
skew_strong,0.01,uncorrected,2,128,above_target,"[3, 128]",,,,0.12973804092838306,0.012068600044585764,
skew_strong,0.01,uncorrected,2,128,above_target,"[1, 64]",,,,0.13924318340497735,0.011849500006064773,
skew_strong,0.01,uncorrected,2,256,not_certified,"[3, 256]",,,,,0.006340400024782866,A branch endpoint is not strictly dominated after reconstruction.
skew_strong,0.01,uncorrected,2,256,above_target,"[1, 64]",,,,0.0905204310463456,0.024451300036162138,
skew_strong,0.01,uncorrected,2,256,above_target,"[7, 512]",,,,0.08721909158520157,0.02453819999936968,
skew_strong,0.01,uncorrected,2,512,above_target,"[9, 1024]",,,,0.05001087478631521,0.0480835999478586,
skew_strong,0.01,uncorrected,2,512,above_target,"[1, 128]",,,,0.05685437224041222,0.04541520000202581,
skew_strong,0.01,uncorrected,2,512,above_target,"[3, 512]",,,,0.05292055273642917,0.044831100036390126,
skew_strong,0.01,uncorrected,2,1024,above_target,"[5, 1024]",,,,0.02817707905715788,0.0897411999758333,
skew_strong,0.01,uncorrected,2,1024,above_target,"[9, 2048]",,,,0.025117200905202593,0.08799650002038106,
skew_strong,0.01,uncorrected,2,1024,above_target,"[11, 2048]",,,,0.031235416495555744,0.08992369996849447,
skew_strong,0.01,uncorrected,2,2048,above_target,"[5, 2048]",,,,0.0141223889504574,0.18108850001590326,
skew_strong,0.01,uncorrected,2,2048,above_target,"[9, 4096]",,,,0.014951147662126591,0.18507209996460006,
skew_strong,0.01,uncorrected,2,2048,above_target,"[11, 4096]",,,,0.015658396914197403,0.18397069995990023,
skew_strong,0.01,uncorrected,2,4096,certified,"[5, 4096]",,,0.00713040590567889,,0.8890597999561578,
skew_strong,0.01,corrected,0,64,above_target,"[9, 128]",,,,0.14537181363467505,0.007940299983602017,
skew_strong,0.01,corrected,0,64,above_target,"[5, 64]",,,,0.17088721023542275,0.007755799975711852,
skew_strong,0.01,corrected,0,64,above_target,"[1, 16]",,,,0.1429135958431012,0.007746900024358183,
skew_strong,0.01,corrected,0,128,above_target,"[3, 64]",,,,0.07658237606185346,0.01279949996387586,
skew_strong,0.01,corrected,0,128,above_target,"[13, 256]",,,,0.07478282257890999,0.012671099975705147,
skew_strong,0.01,corrected,0,128,above_target,"[7, 128]",,,,0.0865642585102185,0.013514699996449053,
skew_strong,0.01,corrected,0,256,above_target,"[3, 128]",,,,0.03159421529798273,0.02656059997389093,
skew_strong,0.01,corrected,0,256,above_target,"[13, 512]",,,,0.025240714057278166,0.02687050000531599,
skew_strong,0.01,corrected,0,256,above_target,"[1, 32]",,,,0.029008559641078808,0.02710170001955703,
skew_strong,0.01,corrected,0,512,certified,"[17, 1024]",,,0.008854031512007665,,0.12166160001652315,
skew_strong,0.01,corrected,1,64,above_target,"[9, 128]",,,,0.14537181363467505,0.008002100046724081,
skew_strong,0.01,corrected,1,64,above_target,"[5, 64]",,,,0.17088721023542275,0.0078020000364631414,
skew_strong,0.01,corrected,1,64,above_target,"[1, 16]",,,,0.1429135958431012,0.007761299959383905,
skew_strong,0.01,corrected,1,128,above_target,"[3, 64]",,,,0.07658237606185346,0.012950799951795489,
skew_strong,0.01,corrected,1,128,above_target,"[13, 256]",,,,0.07478282257890999,0.012669600022491068,
skew_strong,0.01,corrected,1,128,above_target,"[7, 128]",,,,0.0865642585102185,0.013506799994502217,
skew_strong,0.01,corrected,1,256,above_target,"[3, 128]",,,,0.03159421529798273,0.026461200031917542,
skew_strong,0.01,corrected,1,256,above_target,"[13, 512]",,,,0.025240714057278166,0.026604900020174682,
skew_strong,0.01,corrected,1,256,above_target,"[1, 32]",,,,0.029008559641078808,0.027599800028838217,
skew_strong,0.01,corrected,1,512,certified,"[17, 1024]",,,0.008854031512007665,,0.12282520002918318,
skew_strong,0.01,corrected,2,64,above_target,"[9, 128]",,,,0.14537181363467505,0.007966000004671514,
skew_strong,0.01,corrected,2,64,above_target,"[5, 64]",,,,0.17088721023542275,0.00785410002572462,
skew_strong,0.01,corrected,2,64,above_target,"[1, 16]",,,,0.1429135958431012,0.007793500029947609,
skew_strong,0.01,corrected,2,128,above_target,"[3, 64]",,,,0.07658237606185346,0.01294759998563677,
skew_strong,0.01,corrected,2,128,above_target,"[13, 256]",,,,0.07478282257890999,0.012810799991711974,
skew_strong,0.01,corrected,2,128,above_target,"[7, 128]",,,,0.0865642585102185,0.013689500046893954,
skew_strong,0.01,corrected,2,256,above_target,"[3, 128]",,,,0.03159421529798273,0.026825000008102506,
skew_strong,0.01,corrected,2,256,above_target,"[13, 512]",,,,0.025240714057278166,0.026912699977401644,
skew_strong,0.01,corrected,2,256,above_target,"[1, 32]",,,,0.029008559641078808,0.027572099992539734,
skew_strong,0.01,corrected,2,512,certified,"[17, 1024]",,,0.008854031512007665,,0.1230820000055246,
two_peaks,0.02,polynomial,0,64,above_target,,4,2,,0.11257198523197275,0.0030160999740473926,
two_peaks,0.02,polynomial,0,64,above_target,,3,2,,0.24491224031605452,0.002859199943486601,
two_peaks,0.02,polynomial,0,64,above_target,,5,3,,0.3237959330109646,0.0029013000312261283,
two_peaks,0.02,polynomial,0,128,above_target,,4,2,,0.08586020487438872,0.005695200001355261,
two_peaks,0.02,polynomial,0,128,above_target,,5,2,,0.0877093302136678,0.00562280003214255,
two_peaks,0.02,polynomial,0,128,above_target,,6,2,,0.07727640778713055,0.005589100008364767,
two_peaks,0.02,polynomial,0,256,above_target,,7,3,,0.028471066757056285,0.01139810000313446,
two_peaks,0.02,polynomial,0,256,above_target,,6,2,,0.03826776864011943,0.011074499983806163,
two_peaks,0.02,polynomial,0,256,above_target,,7,2,,0.04301994518137439,0.011093100009020418,
two_peaks,0.02,polynomial,0,512,certified,,7,2,0.01680841860430283,,0.07959259999915957,
two_peaks,0.02,polynomial,1,64,above_target,,4,2,,0.11257198523197275,0.0031506000086665154,
two_peaks,0.02,polynomial,1,64,above_target,,3,2,,0.24491224031605452,0.0029504999984055758,
two_peaks,0.02,polynomial,1,64,above_target,,5,3,,0.3237959330109646,0.0029646000475622714,
two_peaks,0.02,polynomial,1,128,above_target,,4,2,,0.08586020487438872,0.005856199946720153,
two_peaks,0.02,polynomial,1,128,above_target,,5,2,,0.0877093302136678,0.0057474999921396375,
two_peaks,0.02,polynomial,1,128,above_target,,6,2,,0.07727640778713055,0.005752899975050241,
two_peaks,0.02,polynomial,1,256,above_target,,7,3,,0.028471066757056285,0.011691999970935285,
two_peaks,0.02,polynomial,1,256,above_target,,6,2,,0.03826776864011943,0.011470200028270483,
two_peaks,0.02,polynomial,1,256,above_target,,7,2,,0.04301994518137439,0.011413200001697987,
two_peaks,0.02,polynomial,1,512,certified,,7,2,0.01680841860430283,,0.08135950000723824,
two_peaks,0.02,polynomial,2,64,above_target,,4,2,,0.11257198523197275,0.003134200000204146,
two_peaks,0.02,polynomial,2,64,above_target,,3,2,,0.24491224031605452,0.0029149000183679163,
two_peaks,0.02,polynomial,2,64,above_target,,5,3,,0.3237959330109646,0.00299140001880005,
two_peaks,0.02,polynomial,2,128,above_target,,4,2,,0.08586020487438872,0.0058892000233754516,
two_peaks,0.02,polynomial,2,128,above_target,,5,2,,0.0877093302136678,0.005761799984611571,
two_peaks,0.02,polynomial,2,128,above_target,,6,2,,0.07727640778713055,0.005734100006520748,
two_peaks,0.02,polynomial,2,256,above_target,,7,3,,0.028471066757056285,0.011835299956146628,
two_peaks,0.02,polynomial,2,256,above_target,,6,2,,0.03826776864011943,0.017410899978131056,
two_peaks,0.02,polynomial,2,256,above_target,,7,2,,0.04301994518137439,0.013366299972403795,
two_peaks,0.02,polynomial,2,512,certified,,7,2,0.01680841860430283,,0.08206079999217764,
two_peaks,0.02,uncorrected,0,64,above_target,"[1, 32]",,,,0.27647451856311833,0.007175100035965443,
two_peaks,0.02,uncorrected,0,64,not_certified,"[5, 128]",,,,,0.0015512999962083995,A branch endpoint is not strictly dominated after reconstruction.
two_peaks,0.02,uncorrected,0,64,not_certified,"[3, 64]",,,,,0.0015650999848730862,A branch endpoint is not strictly dominated after reconstruction.
two_peaks,0.02,uncorrected,0,128,above_target,"[1, 64]",,,,0.17118190958254892,0.012325900024734437,
two_peaks,0.02,uncorrected,0,128,above_target,"[5, 256]",,,,0.18861974154998076,0.012441299972124398,
two_peaks,0.02,uncorrected,0,128,not_certified,"[3, 128]",,,,,0.002802699978929013,A branch endpoint is not strictly dominated after reconstruction.
two_peaks,0.02,uncorrected,0,256,above_target,"[1, 128]",,,,0.133492299391421,0.023017300001811236,
two_peaks,0.02,uncorrected,0,256,above_target,"[5, 512]",,,,0.11911311915947125,0.02318859996739775,
two_peaks,0.02,uncorrected,0,256,above_target,"[3, 256]",,,,0.13516415344584432,0.023322799999732524,
two_peaks,0.02,uncorrected,0,512,above_target,"[1, 128]",,,,0.08429947538163336,0.04483200004324317,
two_peaks,0.02,uncorrected,0,512,above_target,"[9, 1024]",,,,0.0976755618917288,0.04506490001222119,
two_peaks,0.02,uncorrected,0,512,above_target,"[5, 1024]",,,,0.10318709313855509,0.04536980000557378,
two_peaks,0.02,uncorrected,0,1024,above_target,"[9, 2048]",,,,0.050731817365617035,0.09026699996320531,
two_peaks,0.02,uncorrected,0,1024,above_target,"[5, 1024]",,,,0.054439322208713295,0.08851409994531423,
two_peaks,0.02,uncorrected,0,1024,above_target,"[1, 256]",,,,0.05555470601585505,0.08814690000144765,
two_peaks,0.02,uncorrected,0,2048,above_target,"[5, 2048]",,,,0.029896218108391433,0.1869921000325121,
two_peaks,0.02,uncorrected,0,2048,above_target,"[11, 4096]",,,,0.03037440571580616,0.18715059995884076,
two_peaks,0.02,uncorrected,0,2048,above_target,"[3, 1024]",,,,0.033370821169715605,0.1864705000189133,
two_peaks,0.02,uncorrected,0,4096,certified,"[3, 2048]",,,0.01901579153003331,,0.8658587000099942,
two_peaks,0.02,uncorrected,1,64,above_target,"[1, 32]",,,,0.27647451856311833,0.0073305999976582825,
two_peaks,0.02,uncorrected,1,64,not_certified,"[5, 128]",,,,,0.0015767000149935484,A branch endpoint is not strictly dominated after reconstruction.
two_peaks,0.02,uncorrected,1,64,not_certified,"[3, 64]",,,,,0.0015817999956198037,A branch endpoint is not strictly dominated after reconstruction.
two_peaks,0.02,uncorrected,1,128,above_target,"[1, 64]",,,,0.17118190958254892,0.012677900027483702,
two_peaks,0.02,uncorrected,1,128,above_target,"[5, 256]",,,,0.18861974154998076,0.012702400039415807,
two_peaks,0.02,uncorrected,1,128,not_certified,"[3, 128]",,,,,0.0028852999676018953,A branch endpoint is not strictly dominated after reconstruction.
two_peaks,0.02,uncorrected,1,256,above_target,"[1, 128]",,,,0.133492299391421,0.023577300016768277,
two_peaks,0.02,uncorrected,1,256,above_target,"[5, 512]",,,,0.11911311915947125,0.023662299965508282,
two_peaks,0.02,uncorrected,1,256,above_target,"[3, 256]",,,,0.13516415344584432,0.02367309998953715,
two_peaks,0.02,uncorrected,1,512,above_target,"[1, 128]",,,,0.08429947538163336,0.04575019999174401,
two_peaks,0.02,uncorrected,1,512,above_target,"[9, 1024]",,,,0.0976755618917288,0.045903699996415526,
two_peaks,0.02,uncorrected,1,512,above_target,"[5, 1024]",,,,0.10318709313855509,0.04529530002037063,
two_peaks,0.02,uncorrected,1,1024,above_target,"[9, 2048]",,,,0.050731817365617035,0.08922199998050928,
two_peaks,0.02,uncorrected,1,1024,above_target,"[5, 1024]",,,,0.054439322208713295,0.0890345000079833,
two_peaks,0.02,uncorrected,1,1024,above_target,"[1, 256]",,,,0.05555470601585505,0.09295039996504784,
two_peaks,0.02,uncorrected,1,2048,above_target,"[5, 2048]",,,,0.029896218108391433,0.18716559995664284,
two_peaks,0.02,uncorrected,1,2048,above_target,"[11, 4096]",,,,0.03037440571580616,0.18719919997965917,
two_peaks,0.02,uncorrected,1,2048,above_target,"[3, 1024]",,,,0.033370821169715605,0.18711310002254322,
two_peaks,0.02,uncorrected,1,4096,certified,"[3, 2048]",,,0.01901579153003331,,0.8769055000157095,
two_peaks,0.02,uncorrected,2,64,above_target,"[1, 32]",,,,0.27647451856311833,0.007284199993591756,
two_peaks,0.02,uncorrected,2,64,not_certified,"[5, 128]",,,,,0.0015745999990031123,A branch endpoint is not strictly dominated after reconstruction.
two_peaks,0.02,uncorrected,2,64,not_certified,"[3, 64]",,,,,0.0015787000302225351,A branch endpoint is not strictly dominated after reconstruction.
two_peaks,0.02,uncorrected,2,128,above_target,"[1, 64]",,,,0.17118190958254892,0.012582299998030066,
two_peaks,0.02,uncorrected,2,128,above_target,"[5, 256]",,,,0.18861974154998076,0.012788199994247407,
two_peaks,0.02,uncorrected,2,128,not_certified,"[3, 128]",,,,,0.0028605000115931034,A branch endpoint is not strictly dominated after reconstruction.
two_peaks,0.02,uncorrected,2,256,above_target,"[1, 128]",,,,0.133492299391421,0.023453100002370775,
two_peaks,0.02,uncorrected,2,256,above_target,"[5, 512]",,,,0.11911311915947125,0.023541000031400472,
two_peaks,0.02,uncorrected,2,256,above_target,"[3, 256]",,,,0.13516415344584432,0.02368040004512295,
two_peaks,0.02,uncorrected,2,512,above_target,"[1, 128]",,,,0.08429947538163336,0.04592040000716224,
two_peaks,0.02,uncorrected,2,512,above_target,"[9, 1024]",,,,0.0976755618917288,0.045733499980997294,
two_peaks,0.02,uncorrected,2,512,above_target,"[5, 1024]",,,,0.10318709313855509,0.045515599951613694,
two_peaks,0.02,uncorrected,2,1024,above_target,"[9, 2048]",,,,0.050731817365617035,0.08970239997142926,
two_peaks,0.02,uncorrected,2,1024,above_target,"[5, 1024]",,,,0.054439322208713295,0.09075410000514239,
two_peaks,0.02,uncorrected,2,1024,above_target,"[1, 256]",,,,0.05555470601585505,0.08855089999269694,
two_peaks,0.02,uncorrected,2,2048,above_target,"[5, 2048]",,,,0.029896218108391433,0.1876752999960445,
two_peaks,0.02,uncorrected,2,2048,above_target,"[11, 4096]",,,,0.03037440571580616,0.1905110999941826,
two_peaks,0.02,uncorrected,2,2048,above_target,"[3, 1024]",,,,0.033370821169715605,0.19267159997252747,
two_peaks,0.02,uncorrected,2,4096,certified,"[3, 2048]",,,0.01901579153003331,,0.8657527000177652,
two_peaks,0.02,corrected,0,64,not_certified,"[7, 128]",,,,,0.0019631999894045293,A branch endpoint is not strictly dominated after reconstruction.
two_peaks,0.02,corrected,0,64,above_target,"[1, 16]",,,,0.33630193564734645,0.009082699951250106,
two_peaks,0.02,corrected,0,64,above_target,"[9, 128]",,,,0.42919250993159136,0.009306899970397353,
two_peaks,0.02,corrected,0,128,above_target,"[5, 128]",,,,0.17227821098335383,0.015133599983528256,
two_peaks,0.02,corrected,0,128,above_target,"[11, 256]",,,,0.17673564372278922,0.015886800014413893,
two_peaks,0.02,corrected,0,128,above_target,"[3, 64]",,,,0.21223684661437306,0.015922099992167205,
two_peaks,0.02,corrected,0,256,above_target,"[15, 512]",,,,0.08639619435583977,0.02820830000564456,
two_peaks,0.02,corrected,0,256,above_target,"[13, 512]",,,,0.07424044336342098,0.027949700015597045,
two_peaks,0.02,corrected,0,256,above_target,"[7, 256]",,,,0.07479144205255958,0.02763810002943501,
two_peaks,0.02,corrected,0,512,above_target,"[9, 512]",,,,0.03190005772905875,0.04931179998675361,
two_peaks,0.02,corrected,0,512,above_target,"[17, 1024]",,,,0.0337736687031291,0.05005149997305125,
two_peaks,0.02,corrected,0,512,above_target,"[19, 1024]",,,,0.03562975248399378,0.04978890001075342,
two_peaks,0.02,corrected,0,1024,certified,"[21, 2048]",,,0.01271781102061674,,0.2280713000218384,
two_peaks,0.02,corrected,1,64,not_certified,"[7, 128]",,,,,0.0020128999603912234,A branch endpoint is not strictly dominated after reconstruction.
two_peaks,0.02,corrected,1,64,above_target,"[1, 16]",,,,0.33630193564734645,0.009338299976661801,
two_peaks,0.02,corrected,1,64,above_target,"[9, 128]",,,,0.42919250993159136,0.009349500003736466,
two_peaks,0.02,corrected,1,128,above_target,"[5, 128]",,,,0.17227821098335383,0.015149999991990626,
two_peaks,0.02,corrected,1,128,above_target,"[11, 256]",,,,0.17673564372278922,0.015904199972283095,
two_peaks,0.02,corrected,1,128,above_target,"[3, 64]",,,,0.21223684661437306,0.015913399984128773,
two_peaks,0.02,corrected,1,256,above_target,"[15, 512]",,,,0.08639619435583977,0.02811509999446571,
two_peaks,0.02,corrected,1,256,above_target,"[13, 512]",,,,0.07424044336342098,0.027788000006694347,
two_peaks,0.02,corrected,1,256,above_target,"[7, 256]",,,,0.07479144205255958,0.027665399946272373,
two_peaks,0.02,corrected,1,512,above_target,"[9, 512]",,,,0.03190005772905875,0.04989610001211986,
two_peaks,0.02,corrected,1,512,above_target,"[17, 1024]",,,,0.0337736687031291,0.04969770001480356,
two_peaks,0.02,corrected,1,512,above_target,"[19, 1024]",,,,0.03562975248399378,0.04995259997667745,
two_peaks,0.02,corrected,1,1024,certified,"[21, 2048]",,,0.01271781102061674,,0.23002590000396594,
two_peaks,0.02,corrected,2,64,not_certified,"[7, 128]",,,,,0.0020186000037938356,A branch endpoint is not strictly dominated after reconstruction.
two_peaks,0.02,corrected,2,64,above_target,"[1, 16]",,,,0.33630193564734645,0.009361999982502311,
two_peaks,0.02,corrected,2,64,above_target,"[9, 128]",,,,0.42919250993159136,0.009338300034869462,
two_peaks,0.02,corrected,2,128,above_target,"[5, 128]",,,,0.17227821098335383,0.015201399975921959,
two_peaks,0.02,corrected,2,128,above_target,"[11, 256]",,,,0.17673564372278922,0.015845299989450723,
two_peaks,0.02,corrected,2,128,above_target,"[3, 64]",,,,0.21223684661437306,0.016011300031095743,
two_peaks,0.02,corrected,2,256,above_target,"[15, 512]",,,,0.08639619435583977,0.027662199980113655,
two_peaks,0.02,corrected,2,256,above_target,"[13, 512]",,,,0.07424044336342098,0.02744540001731366,
two_peaks,0.02,corrected,2,256,above_target,"[7, 256]",,,,0.07479144205255958,0.02782760001718998,
two_peaks,0.02,corrected,2,512,above_target,"[9, 512]",,,,0.03190005772905875,0.04984110000077635,
two_peaks,0.02,corrected,2,512,above_target,"[17, 1024]",,,,0.0337736687031291,0.04987079999409616,
two_peaks,0.02,corrected,2,512,above_target,"[19, 1024]",,,,0.03562975248399378,0.04958009999245405,
two_peaks,0.02,corrected,2,1024,certified,"[21, 2048]",,,0.01271781102061674,,0.22946229996159673,
two_peaks,0.01,polynomial,0,64,above_target,,4,2,,0.11257198523197275,0.003090199956204742,
two_peaks,0.01,polynomial,0,64,above_target,,3,2,,0.24491224031605452,0.0028978000045754015,
two_peaks,0.01,polynomial,0,64,above_target,,5,3,,0.3237959330109646,0.0029885999974794686,
two_peaks,0.01,polynomial,0,128,above_target,,4,2,,0.08586020487438872,0.005836400028783828,
two_peaks,0.01,polynomial,0,128,above_target,,5,2,,0.0877093302136678,0.0057400999940000474,
two_peaks,0.01,polynomial,0,128,above_target,,6,2,,0.07727640778713055,0.005717299995012581,
two_peaks,0.01,polynomial,0,256,above_target,,7,3,,0.028471066757056285,0.01150169997708872,
two_peaks,0.01,polynomial,0,256,above_target,,6,2,,0.03826776864011943,0.011269399954471737,
two_peaks,0.01,polynomial,0,256,above_target,,7,2,,0.04301994518137439,0.011311099980957806,
two_peaks,0.01,polynomial,0,512,above_target,,7,2,,0.015817835593938706,0.023180600022897124,
two_peaks,0.01,polynomial,0,512,above_target,,9,3,,0.01596933969645687,0.02302269998472184,
two_peaks,0.01,polynomial,0,512,above_target,,7,3,,0.015860334933950535,0.022884399979375303,
two_peaks,0.01,polynomial,0,1024,certified,,10,3,0.007727379202190328,,0.15811760001815856,
two_peaks,0.01,polynomial,1,64,above_target,,4,2,,0.11257198523197275,0.003433800011407584,
two_peaks,0.01,polynomial,1,64,above_target,,3,2,,0.24491224031605452,0.0029302999610081315,
two_peaks,0.01,polynomial,1,64,above_target,,5,3,,0.3237959330109646,0.0029696000274270773,
two_peaks,0.01,polynomial,1,128,above_target,,4,2,,0.08586020487438872,0.005851199966855347,
two_peaks,0.01,polynomial,1,128,above_target,,5,2,,0.0877093302136678,0.005804400017950684,
two_peaks,0.01,polynomial,1,128,above_target,,6,2,,0.07727640778713055,0.0057900999672710896,
two_peaks,0.01,polynomial,1,256,above_target,,7,3,,0.028471066757056285,0.011581500002648681,
two_peaks,0.01,polynomial,1,256,above_target,,6,2,,0.03826776864011943,0.011762599984649569,
two_peaks,0.01,polynomial,1,256,above_target,,7,2,,0.04301994518137439,0.011354799964465201,
two_peaks,0.01,polynomial,1,512,above_target,,7,2,,0.015817835593938706,0.023347299953456968,
two_peaks,0.01,polynomial,1,512,above_target,,9,3,,0.01596933969645687,0.022820800018962473,
two_peaks,0.01,polynomial,1,512,above_target,,7,3,,0.015860334933950535,0.022949100006371737,
two_peaks,0.01,polynomial,1,1024,certified,,10,3,0.007727379202190328,,0.15813260001596063,
two_peaks,0.01,polynomial,2,64,above_target,,4,2,,0.11257198523197275,0.0031227999716065824,
two_peaks,0.01,polynomial,2,64,above_target,,3,2,,0.24491224031605452,0.0029304000199772418,
two_peaks,0.01,polynomial,2,64,above_target,,5,3,,0.3237959330109646,0.00299869995797053,
two_peaks,0.01,polynomial,2,128,above_target,,4,2,,0.08586020487438872,0.005902000004425645,
two_peaks,0.01,polynomial,2,128,above_target,,5,2,,0.0877093302136678,0.005791200033854693,
two_peaks,0.01,polynomial,2,128,above_target,,6,2,,0.07727640778713055,0.005784499982837588,
two_peaks,0.01,polynomial,2,256,above_target,,7,3,,0.028471066757056285,0.016514600021764636,
two_peaks,0.01,polynomial,2,256,above_target,,6,2,,0.03826776864011943,0.01144700002623722,
two_peaks,0.01,polynomial,2,256,above_target,,7,2,,0.04301994518137439,0.01158599997870624,
two_peaks,0.01,polynomial,2,512,above_target,,7,2,,0.015817835593938706,0.02355139999417588,
two_peaks,0.01,polynomial,2,512,above_target,,9,3,,0.01596933969645687,0.023613099998328835,
two_peaks,0.01,polynomial,2,512,above_target,,7,3,,0.015860334933950535,0.023104800027795136,
two_peaks,0.01,polynomial,2,1024,certified,,10,3,0.007727379202190328,,0.15856779995374382,
two_peaks,0.01,uncorrected,0,64,above_target,"[1, 32]",,,,0.27647451856311833,0.007233499956782907,
two_peaks,0.01,uncorrected,0,64,not_certified,"[5, 128]",,,,,0.0015921000158414245,A branch endpoint is not strictly dominated after reconstruction.
two_peaks,0.01,uncorrected,0,64,not_certified,"[3, 64]",,,,,0.001596999994944781,A branch endpoint is not strictly dominated after reconstruction.
two_peaks,0.01,uncorrected,0,128,above_target,"[1, 64]",,,,0.17118190958254892,0.012728300003800541,
two_peaks,0.01,uncorrected,0,128,above_target,"[5, 256]",,,,0.18861974154998076,0.012681499996688217,
two_peaks,0.01,uncorrected,0,128,not_certified,"[3, 128]",,,,,0.0028910000110045075,A branch endpoint is not strictly dominated after reconstruction.
two_peaks,0.01,uncorrected,0,256,above_target,"[1, 128]",,,,0.133492299391421,0.02359739999519661,
two_peaks,0.01,uncorrected,0,256,above_target,"[5, 512]",,,,0.11911311915947125,0.023586200026329607,
two_peaks,0.01,uncorrected,0,256,above_target,"[3, 256]",,,,0.13516415344584432,0.02376220002770424,
two_peaks,0.01,uncorrected,0,512,above_target,"[1, 128]",,,,0.08429947538163336,0.045517200022004545,
two_peaks,0.01,uncorrected,0,512,above_target,"[9, 1024]",,,,0.0976755618917288,0.04574879998108372,
two_peaks,0.01,uncorrected,0,512,above_target,"[5, 1024]",,,,0.10318709313855509,0.04558440000982955,
two_peaks,0.01,uncorrected,0,1024,above_target,"[9, 2048]",,,,0.050731817365617035,0.08739070000592619,
two_peaks,0.01,uncorrected,0,1024,above_target,"[5, 1024]",,,,0.054439322208713295,0.08761809999123216,
two_peaks,0.01,uncorrected,0,1024,above_target,"[1, 256]",,,,0.05555470601585505,0.08714179997332394,
two_peaks,0.01,uncorrected,0,2048,above_target,"[5, 2048]",,,,0.029896218108391433,0.18640470004174858,
two_peaks,0.01,uncorrected,0,2048,above_target,"[11, 4096]",,,,0.03037440571580616,0.18807390000438318,
two_peaks,0.01,uncorrected,0,2048,above_target,"[3, 1024]",,,,0.033370821169715605,0.18719319999217987,
two_peaks,0.01,uncorrected,0,4096,above_target,"[3, 2048]",,,,0.016741785362660622,0.3678694000118412,
two_peaks,0.01,uncorrected,0,4096,above_target,"[11, 8192]",,,,0.015234451440509875,0.36461940000299364,
two_peaks,0.01,uncorrected,0,4096,above_target,"[5, 4096]",,,,0.019271181163571068,0.3674610000452958,
two_peaks,0.01,uncorrected,0,8192,certified,"[7, 8192]",,,0.01021663583962604,,1.7275215999688953,
two_peaks,0.01,uncorrected,0,8192,certified,"[13, 16384]",,,0.010457960138109448,,1.7508053000201471,
two_peaks,0.01,uncorrected,0,8192,above_target,"[15, 16384]",,,,0.010652278650354017,0.7483792999992147,
two_peaks,0.01,uncorrected,0,16384,certified,"[7, 16384]",,,0.0050326545384556266,,3.5016722000436857,
two_peaks,0.01,uncorrected,1,64,above_target,"[1, 32]",,,,0.27647451856311833,0.007300900004338473,
two_peaks,0.01,uncorrected,1,64,not_certified,"[5, 128]",,,,,0.0015635999734513462,A branch endpoint is not strictly dominated after reconstruction.
two_peaks,0.01,uncorrected,1,64,not_certified,"[3, 64]",,,,,0.0015632999711669981,A branch endpoint is not strictly dominated after reconstruction.
two_peaks,0.01,uncorrected,1,128,above_target,"[1, 64]",,,,0.17118190958254892,0.012661300017498434,
two_peaks,0.01,uncorrected,1,128,above_target,"[5, 256]",,,,0.18861974154998076,0.012751700007356703,
two_peaks,0.01,uncorrected,1,128,not_certified,"[3, 128]",,,,,0.002866599999833852,A branch endpoint is not strictly dominated after reconstruction.
two_peaks,0.01,uncorrected,1,256,above_target,"[1, 128]",,,,0.133492299391421,0.023525899974629283,
two_peaks,0.01,uncorrected,1,256,above_target,"[5, 512]",,,,0.11911311915947125,0.023615800018887967,
two_peaks,0.01,uncorrected,1,256,above_target,"[3, 256]",,,,0.13516415344584432,0.02368769998429343,
two_peaks,0.01,uncorrected,1,512,above_target,"[1, 128]",,,,0.08429947538163336,0.04560700000729412,
two_peaks,0.01,uncorrected,1,512,above_target,"[9, 1024]",,,,0.0976755618917288,0.045794699981343,
two_peaks,0.01,uncorrected,1,512,above_target,"[5, 1024]",,,,0.10318709313855509,0.045210600015707314,
two_peaks,0.01,uncorrected,1,1024,above_target,"[9, 2048]",,,,0.050731817365617035,0.09071740001672879,
two_peaks,0.01,uncorrected,1,1024,above_target,"[5, 1024]",,,,0.054439322208713295,0.08932800003094599,
two_peaks,0.01,uncorrected,1,1024,above_target,"[1, 256]",,,,0.05555470601585505,0.08856860001105815,
two_peaks,0.01,uncorrected,1,2048,above_target,"[5, 2048]",,,,0.029896218108391433,0.18705780000891536,
two_peaks,0.01,uncorrected,1,2048,above_target,"[11, 4096]",,,,0.03037440571580616,0.1859439000254497,
two_peaks,0.01,uncorrected,1,2048,above_target,"[3, 1024]",,,,0.033370821169715605,0.18686780001735315,
two_peaks,0.01,uncorrected,1,4096,above_target,"[3, 2048]",,,,0.016741785362660622,0.36930850002681836,
two_peaks,0.01,uncorrected,1,4096,above_target,"[11, 8192]",,,,0.015234451440509875,0.37199880002299324,
two_peaks,0.01,uncorrected,1,4096,above_target,"[5, 4096]",,,,0.019271181163571068,0.36222389998147264,
two_peaks,0.01,uncorrected,1,8192,certified,"[7, 8192]",,,0.01021663583962604,,1.7671168000088073,
two_peaks,0.01,uncorrected,1,8192,certified,"[13, 16384]",,,0.010457960138109448,,1.7611332000233233,
two_peaks,0.01,uncorrected,1,8192,above_target,"[15, 16384]",,,,0.010652278650354017,0.7583583000232466,
two_peaks,0.01,uncorrected,1,16384,certified,"[7, 16384]",,,0.0050326545384556266,,3.517658799944911,
two_peaks,0.01,uncorrected,2,64,above_target,"[1, 32]",,,,0.27647451856311833,0.007225400011520833,
two_peaks,0.01,uncorrected,2,64,not_certified,"[5, 128]",,,,,0.0015866999747231603,A branch endpoint is not strictly dominated after reconstruction.
two_peaks,0.01,uncorrected,2,64,not_certified,"[3, 64]",,,,,0.0015836000093258917,A branch endpoint is not strictly dominated after reconstruction.
two_peaks,0.01,uncorrected,2,128,above_target,"[1, 64]",,,,0.17118190958254892,0.012952499964740127,
two_peaks,0.01,uncorrected,2,128,above_target,"[5, 256]",,,,0.18861974154998076,0.0127212000079453,
two_peaks,0.01,uncorrected,2,128,not_certified,"[3, 128]",,,,,0.0028593000024557114,A branch endpoint is not strictly dominated after reconstruction.
two_peaks,0.01,uncorrected,2,256,above_target,"[1, 128]",,,,0.133492299391421,0.02317360002780333,
two_peaks,0.01,uncorrected,2,256,above_target,"[5, 512]",,,,0.11911311915947125,0.023343699984252453,
two_peaks,0.01,uncorrected,2,256,above_target,"[3, 256]",,,,0.13516415344584432,0.023261499998625368,
two_peaks,0.01,uncorrected,2,512,above_target,"[1, 128]",,,,0.08429947538163336,0.04570320004131645,
two_peaks,0.01,uncorrected,2,512,above_target,"[9, 1024]",,,,0.0976755618917288,0.045641599979717284,
two_peaks,0.01,uncorrected,2,512,above_target,"[5, 1024]",,,,0.10318709313855509,0.04534850001800805,
two_peaks,0.01,uncorrected,2,1024,above_target,"[9, 2048]",,,,0.050731817365617035,0.08906389999901876,
two_peaks,0.01,uncorrected,2,1024,above_target,"[5, 1024]",,,,0.054439322208713295,0.08913679997203872,
two_peaks,0.01,uncorrected,2,1024,above_target,"[1, 256]",,,,0.05555470601585505,0.09493339998880401,
two_peaks,0.01,uncorrected,2,2048,above_target,"[5, 2048]",,,,0.029896218108391433,0.18830549996346235,
two_peaks,0.01,uncorrected,2,2048,above_target,"[11, 4096]",,,,0.03037440571580616,0.18901530001312494,
two_peaks,0.01,uncorrected,2,2048,above_target,"[3, 1024]",,,,0.033370821169715605,0.1893904999596998,
two_peaks,0.01,uncorrected,2,4096,above_target,"[3, 2048]",,,,0.016741785362660622,0.3652878999710083,
two_peaks,0.01,uncorrected,2,4096,above_target,"[11, 8192]",,,,0.015234451440509875,0.37604589998954907,
two_peaks,0.01,uncorrected,2,4096,above_target,"[5, 4096]",,,,0.019271181163571068,0.3652334000216797,
two_peaks,0.01,uncorrected,2,8192,certified,"[7, 8192]",,,0.01021663583962604,,1.7302696999977343,
two_peaks,0.01,uncorrected,2,8192,certified,"[13, 16384]",,,0.010457960138109448,,1.7486217999830842,
two_peaks,0.01,uncorrected,2,8192,above_target,"[15, 16384]",,,,0.010652278650354017,0.7556322999880649,
two_peaks,0.01,uncorrected,2,16384,certified,"[7, 16384]",,,0.0050326545384556266,,3.5438941000029445,
two_peaks,0.01,corrected,0,64,not_certified,"[7, 128]",,,,,0.001989700016565621,A branch endpoint is not strictly dominated after reconstruction.
two_peaks,0.01,corrected,0,64,above_target,"[1, 16]",,,,0.33630193564734645,0.009138699970208108,
two_peaks,0.01,corrected,0,64,above_target,"[9, 128]",,,,0.42919250993159136,0.00926020002225414,
two_peaks,0.01,corrected,0,128,above_target,"[5, 128]",,,,0.17227821098335383,0.015009899972938001,
two_peaks,0.01,corrected,0,128,above_target,"[11, 256]",,,,0.17673564372278922,0.01580729999113828,
two_peaks,0.01,corrected,0,128,above_target,"[3, 64]",,,,0.21223684661437306,0.015906000044196844,
two_peaks,0.01,corrected,0,256,above_target,"[15, 512]",,,,0.08639619435583977,0.031452099967282265,
two_peaks,0.01,corrected,0,256,above_target,"[13, 512]",,,,0.07424044336342098,0.027306500007398427,
two_peaks,0.01,corrected,0,256,above_target,"[7, 256]",,,,0.07479144205255958,0.02749839995522052,
two_peaks,0.01,corrected,0,512,above_target,"[9, 512]",,,,0.03190005772905875,0.0501759999897331,
two_peaks,0.01,corrected,0,512,above_target,"[17, 1024]",,,,0.0337736687031291,0.049547099974006414,
two_peaks,0.01,corrected,0,512,above_target,"[19, 1024]",,,,0.03562975248399378,0.049811999953817576,
two_peaks,0.01,corrected,0,1024,above_target,"[21, 2048]",,,,0.012403967835776946,0.09658630000194535,
two_peaks,0.01,corrected,0,1024,above_target,"[11, 1024]",,,,0.012846079222515442,0.09796430001733825,
two_peaks,0.01,corrected,0,1024,above_target,"[5, 512]",,,,0.013280259560028883,0.0945069000008516,
two_peaks,0.01,corrected,0,2048,certified,"[21, 4096]",,,0.006343268248517498,,0.4608297999948263,
two_peaks,0.01,corrected,1,64,not_certified,"[7, 128]",,,,,0.0019863999914377928,A branch endpoint is not strictly dominated after reconstruction.
two_peaks,0.01,corrected,1,64,above_target,"[1, 16]",,,,0.33630193564734645,0.009136299951933324,
two_peaks,0.01,corrected,1,64,above_target,"[9, 128]",,,,0.42919250993159136,0.009262799983844161,
two_peaks,0.01,corrected,1,128,above_target,"[5, 128]",,,,0.17227821098335383,0.015351999958511442,
two_peaks,0.01,corrected,1,128,above_target,"[11, 256]",,,,0.17673564372278922,0.01581319997785613,
two_peaks,0.01,corrected,1,128,above_target,"[3, 64]",,,,0.21223684661437306,0.015877199999522418,
two_peaks,0.01,corrected,1,256,above_target,"[15, 512]",,,,0.08639619435583977,0.028384900011587888,
two_peaks,0.01,corrected,1,256,above_target,"[13, 512]",,,,0.07424044336342098,0.02747199998702854,
two_peaks,0.01,corrected,1,256,above_target,"[7, 256]",,,,0.07479144205255958,0.02755920001072809,
two_peaks,0.01,corrected,1,512,above_target,"[9, 512]",,,,0.03190005772905875,0.0500764999887906,
two_peaks,0.01,corrected,1,512,above_target,"[17, 1024]",,,,0.0337736687031291,0.0496601999620907,
two_peaks,0.01,corrected,1,512,above_target,"[19, 1024]",,,,0.03562975248399378,0.049764800001867115,
two_peaks,0.01,corrected,1,1024,above_target,"[21, 2048]",,,,0.012403967835776946,0.09623079997254536,
two_peaks,0.01,corrected,1,1024,above_target,"[11, 1024]",,,,0.012846079222515442,0.0985594000085257,
two_peaks,0.01,corrected,1,1024,above_target,"[5, 512]",,,,0.013280259560028883,0.09427489998051897,
two_peaks,0.01,corrected,1,2048,certified,"[21, 4096]",,,0.006343268248517498,,0.4718944999622181,
two_peaks,0.01,corrected,2,64,not_certified,"[7, 128]",,,,,0.0020081999828107655,A branch endpoint is not strictly dominated after reconstruction.
two_peaks,0.01,corrected,2,64,above_target,"[1, 16]",,,,0.33630193564734645,0.0091787000419572,
two_peaks,0.01,corrected,2,64,above_target,"[9, 128]",,,,0.42919250993159136,0.009327000007033348,
two_peaks,0.01,corrected,2,128,above_target,"[5, 128]",,,,0.17227821098335383,0.015311600000131875,
two_peaks,0.01,corrected,2,128,above_target,"[11, 256]",,,,0.17673564372278922,0.01592420000815764,
two_peaks,0.01,corrected,2,128,above_target,"[3, 64]",,,,0.21223684661437306,0.016036299988627434,
two_peaks,0.01,corrected,2,256,above_target,"[15, 512]",,,,0.08639619435583977,0.02741089998744428,
two_peaks,0.01,corrected,2,256,above_target,"[13, 512]",,,,0.07424044336342098,0.027144099993165582,
two_peaks,0.01,corrected,2,256,above_target,"[7, 256]",,,,0.07479144205255958,0.032569399976637214,
two_peaks,0.01,corrected,2,512,above_target,"[9, 512]",,,,0.03190005772905875,0.04960089997621253,
two_peaks,0.01,corrected,2,512,above_target,"[17, 1024]",,,,0.0337736687031291,0.04884689999744296,
two_peaks,0.01,corrected,2,512,above_target,"[19, 1024]",,,,0.03562975248399378,0.0489784000092186,
two_peaks,0.01,corrected,2,1024,above_target,"[21, 2048]",,,,0.012403967835776946,0.09694269997999072,
two_peaks,0.01,corrected,2,1024,above_target,"[11, 1024]",,,,0.012846079222515442,0.0978332000086084,
two_peaks,0.01,corrected,2,1024,above_target,"[5, 512]",,,,0.013280259560028883,0.09468350000679493,
two_peaks,0.01,corrected,2,2048,certified,"[21, 4096]",,,0.006343268248517498,,0.46411040000384673,
