case,n,method,scope,status,epsilon,width,degree,residual_upper,distance_upper,bound_upper,construction_seconds,proposal_seconds,total_seconds,certified,pruned,not_certified
skew,256,polynomial,standard,certified,,9,3,0.013923009058287337,0.001452819557730911,0.015375828616018248,0.01107210002373904,0.0025464000646024942,0.43809340009465814,5,24,1
skew,256,uncorrected,wide,certified,"[7, 512]",,,0.05023294517195659,0.016010624423751865,0.06624356959570846,0.009681200026534498,0.06098710000514984,2.6947350000264123,1,98,1
skew,256,corrected,wide,certified,"[1, 32]",,,0.01683944966484779,0.0023591133232998703,0.019198562988147663,0.012480300036258996,0.061177399940788746,2.953248200006783,5,94,1
skew,1024,polynomial,standard,certified,,7,2,0.003463811021085404,0.0008585169556229807,0.004322327976708385,0.03856320003978908,0.003474900033324957,2.662861100048758,15,15,0
skew,1024,uncorrected,wide,certified,"[17, 4096]",,,0.020031971666666364,0.004879625000945102,0.024911596667611467,0.038487000041641295,0.15783349995035678,9.945477000088431,5,94,1
skew,1024,corrected,wide,certified,"[11, 1024]",,,0.0025521750906110537,0.0009934028397252381,0.003545577930336292,0.03875959990546107,0.15244880004320294,10.782451699953526,10,89,1
skew_strong,256,polynomial,standard,certified,,7,3,0.014207496817566225,0.001440753196449037,0.015648250014015264,0.01018439990002662,0.002426000079140067,0.4356044998858124,3,26,1
skew_strong,256,uncorrected,wide,certified,"[13, 1024]",,,0.0678920280242677,0.018798789306020084,0.0866908173302878,0.009752099984325469,0.06285129999741912,3.0391574000241235,3,95,2
skew_strong,256,corrected,wide,certified,"[31, 1024]",,,0.02451976756701136,0.0034320419472964763,0.027951809514307834,0.010014599887654185,0.07235170004423708,3.174878799938597,4,94,2
skew_strong,1024,polynomial,standard,certified,,11,3,0.0034472540608240843,0.0008659301059978599,0.004313184166821945,0.03886249999050051,0.0033798000076785684,2.6775674000382423,11,19,0
skew_strong,1024,uncorrected,wide,certified,"[19, 4096]",,,0.020970171597805693,0.006895237720281974,0.027865409318087665,0.04180820006877184,0.1476973999524489,10.11460430000443,2,96,2
skew_strong,1024,corrected,wide,certified,"[39, 4096]",,,0.002794451193680608,0.0009830952852012225,0.00377754647888183,0.039054400054737926,0.15128730004653335,10.908000100054778,7,91,2
two_peaks,256,polynomial,standard,certified,,7,3,0.028068108290991073,0.0022463406758194597,0.03031444896681053,0.009811399970203638,0.002625499968416989,0.38079650001600385,1,28,1
two_peaks,256,uncorrected,wide,certified,"[9, 1024]",,,0.1245110654830921,0.01750674943742956,0.14201781492052165,0.009956699912436306,0.07242159999441355,3.1653622000012547,5,94,1
two_peaks,256,corrected,wide,certified,"[29, 1024]",,,0.07483444771692273,0.006942657332809035,0.08177710504973176,0.010052999947220087,0.07333949999883771,3.198467699927278,3,94,3
two_peaks,1024,polynomial,standard,certified,,10,3,0.006895605662061229,0.0008317735401290998,0.007727379202190328,0.039054399938322604,0.003952000057324767,1.6816279999911785,2,28,0
two_peaks,1024,uncorrected,wide,certified,"[19, 4096]",,,0.04226217304049942,0.00927344860609472,0.05153562164659414,0.039026200072839856,0.15439739997964352,10.206546599976718,5,92,3
two_peaks,1024,corrected,wide,certified,"[21, 2048]",,,0.011609643737671824,0.0011081672829449162,0.01271781102061674,0.03837760002352297,0.15942179993726313,10.11209950002376,2,95,3
frequency_1_asym_0.15_ripple_0,256,polynomial,standard,certified,,8,3,0.010625157174386673,0.003258589315288385,0.013883746489675058,0.009993099956773221,0.0025248000165447593,0.6126505000283942,6,24,0
frequency_1_asym_0.15_ripple_0,256,uncorrected,standard,certified,"[1, 64]",,,0.044445663760745754,0.01804588380637656,0.062491547567122316,0.010054900078102946,0.02131559990812093,1.1378239000914618,3,34,0
frequency_1_asym_0.15_ripple_0,256,corrected,standard,certified,"[9, 256]",,,0.021450742261458038,0.00461649042649601,0.026067232687954047,0.014215899980627,0.021981299971230328,1.1244847999187186,2,35,0
frequency_1_asym_0.15_ripple_0,1024,polynomial,standard,certified,,12,3,0.0026353991966399674,0.0008541346985087285,0.003489533895148696,0.03890100005082786,0.003572499961592257,2.821320299990475,10,20,0
frequency_1_asym_0.15_ripple_0,1024,uncorrected,standard,certified,"[5, 1024]",,,0.014344214140354639,0.005743028494344801,0.02008724263469944,0.03785550000611693,0.05797199998050928,4.189993300009519,2,35,0
frequency_1_asym_0.15_ripple_0,1024,corrected,standard,certified,"[23, 2048]",,,0.0022966007505387147,0.0010231516185320942,0.0033197523690708087,0.03920559992548078,0.05912220000755042,4.427238199976273,3,34,0
frequency_1_asym_0.15_ripple_0.12,256,polynomial,standard,certified,,6,2,0.03931436873428858,0.0021614617673734724,0.04147583050166205,0.009742600028403103,0.0023961999686434865,0.4095374000025913,1,28,1
frequency_1_asym_0.15_ripple_0.12,256,uncorrected,standard,certified,"[9, 512]",,,0.08532703282141108,0.02313702091686576,0.10846405373827683,0.010033100028522313,0.023156699957326055,1.2528641000390053,4,32,1
frequency_1_asym_0.15_ripple_0.12,256,corrected,standard,certified,"[13, 512]",,,0.05844373495271219,0.003188841587025173,0.06163257653973737,0.010498400079086423,0.02351879992056638,1.205447499989532,2,34,1
frequency_1_asym_0.15_ripple_0.12,1024,polynomial,standard,certified,,9,3,0.005194787615434768,0.00042919025993570434,0.005623977875370472,0.039149299962446094,0.0035459999926388264,1.8123347000218928,2,27,1
frequency_1_asym_0.15_ripple_0.12,1024,uncorrected,standard,certified,"[9, 2048]",,,0.02385640477082527,0.0057974329196314005,0.02965383769045667,0.038836500025354326,0.05822699994314462,4.300328899989836,2,35,0
frequency_1_asym_0.15_ripple_0.12,1024,corrected,standard,certified,"[9, 1024]",,,0.006936044382253338,0.0005948528307955055,0.007530897213048844,0.03911569993942976,0.05863650003448129,4.4190861999522895,2,35,0
frequency_1_asym_0.35_ripple_0,256,polynomial,standard,certified,,7,3,0.014207496817566225,0.001440753196449037,0.015648250014015264,0.009708500001579523,0.0023599000414833426,0.4850637000054121,3,26,1
frequency_1_asym_0.35_ripple_0,256,uncorrected,standard,certified,"[7, 512]",,,0.07222193983024632,0.02024235865707946,0.09246429848732578,0.009964699973352253,0.02259279997088015,1.1973289999878034,3,33,1
frequency_1_asym_0.35_ripple_0,256,corrected,standard,certified,"[1, 32]",,,0.026000759116743644,0.00359817530614971,0.029598934422893353,0.010094399913214147,0.027711700065992773,1.2873308999696746,4,32,1
frequency_1_asym_0.35_ripple_0,1024,polynomial,standard,certified,,11,3,0.0034472540608240843,0.0008659301059978599,0.004313184166821945,0.03901860001496971,0.0033120999578386545,2.951666099950671,11,19,0
frequency_1_asym_0.35_ripple_0,1024,uncorrected,standard,certified,"[5, 1024]",,,0.0209526257715349,0.007258104354011179,0.02821073012554608,0.03878069994971156,0.05166780005674809,4.151849500020035,2,35,0
frequency_1_asym_0.35_ripple_0,1024,corrected,standard,certified,"[19, 2048]",,,0.0028086461738723394,0.0009782968489723336,0.003786943022844673,0.03912070009391755,0.0535009999293834,4.390800200053491,3,34,0
frequency_1_asym_0.35_ripple_0.12,256,polynomial,standard,certified,,6,2,0.04155606773690069,0.002172182713222263,0.04372825045012295,0.010044700000435114,0.0024565000785514712,0.4226287000346929,1,28,1
frequency_1_asym_0.35_ripple_0.12,256,uncorrected,standard,certified,"[3, 256]",,,0.10433669317184562,0.01826916088458473,0.12260585405643035,0.0099887999240309,0.023469500010833144,1.2283869999228045,3,33,1
frequency_1_asym_0.35_ripple_0.12,256,corrected,standard,certified,"[13, 512]",,,0.06389662659453217,0.0041682775535897545,0.06806490414812193,0.009993899962864816,0.02439350006170571,1.2794582999777049,4,31,2
frequency_1_asym_0.35_ripple_0.12,1024,polynomial,standard,certified,,9,3,0.005992583290838743,0.00046633191711872277,0.0064589152079574655,0.038261599955148995,0.0032006000401452184,1.802145199966617,2,27,1
frequency_1_asym_0.35_ripple_0.12,1024,uncorrected,standard,certified,"[9, 2048]",,,0.03138259887100969,0.006870027539299744,0.03825262641030944,0.03919340006541461,0.05678280000574887,4.305875400081277,2,35,0
frequency_1_asym_0.35_ripple_0.12,1024,corrected,standard,certified,"[1, 128]",,,0.007261872437618579,0.0006827474236038284,0.007944619861222408,0.03867439995519817,0.0563376999925822,4.2010087999515235,1,35,1
frequency_2_asym_0.15_ripple_0,256,polynomial,standard,certified,,7,3,0.03178798374758661,0.004119167103210593,0.0359071508507972,0.009997999994084239,0.003100000089034438,0.4489659999962896,2,27,1
frequency_2_asym_0.15_ripple_0,256,uncorrected,standard,certified,"[5, 512]",,,0.09446593959486847,0.016265798680535352,0.11073173827540382,0.010106600006110966,0.028477499959990382,1.2241509999148548,2,35,0
frequency_2_asym_0.15_ripple_0,256,corrected,standard,certified,"[3, 128]",,,0.0522463681856916,0.005207535941794939,0.057453904127486535,0.009968099999241531,0.028111099964007735,1.254026799928397,2,35,0
frequency_2_asym_0.15_ripple_0,1024,polynomial,standard,certified,,10,3,0.007864481013846368,0.0009238078857354014,0.00878828889958177,0.03940160002093762,0.004153399961069226,2.7787402999820188,10,19,1
frequency_2_asym_0.15_ripple_0,1024,uncorrected,standard,certified,"[1, 256]",,,0.031524095611848164,0.006530911400053625,0.03805500701190179,0.03900750004686415,0.0519863999215886,4.162456599995494,2,35,0
frequency_2_asym_0.15_ripple_0,1024,corrected,standard,certified,"[9, 1024]",,,0.00846152917221841,0.001035669972633925,0.009497199144852335,0.0390002999920398,0.05047510005533695,4.570771800004877,4,33,0
frequency_2_asym_0.15_ripple_0.12,256,polynomial,standard,certified,,5,2,0.1258124367171842,0.0039500539663435185,0.12976249068352771,0.010145500069484115,0.0028210999444127083,0.3580838000634685,1,23,6
frequency_2_asym_0.15_ripple_0.12,256,uncorrected,standard,certified,"[5, 512]",,,0.1259478957383069,0.019808273564294918,0.14575616930260182,0.010145499953068793,0.02713270008098334,1.0980501000303775,2,31,4
frequency_2_asym_0.15_ripple_0.12,256,corrected,standard,certified,"[9, 512]",,,0.18469419476777413,0.004636052787028108,0.18933024755480224,0.010043099988251925,0.027326000039465725,1.1818106999853626,3,30,4
frequency_2_asym_0.15_ripple_0.12,1024,polynomial,standard,certified,,7,2,0.015214567425749432,0.0004833034892097361,0.01569787091495917,0.039036700036376715,0.0038726000348106027,1.6897815000265837,1,28,1
frequency_2_asym_0.15_ripple_0.12,1024,uncorrected,standard,certified,"[1, 256]",,,0.04989913026669835,0.007930709345316532,0.057829839612014884,0.03890219994354993,0.062205899972468615,4.341836499981582,2,35,0
frequency_2_asym_0.15_ripple_0.12,1024,corrected,standard,certified,"[15, 2048]",,,0.03069101887655411,0.0008066483111354163,0.031497667187689524,0.03921810002066195,0.06283489998895675,4.519124799990095,3,33,1
frequency_2_asym_0.35_ripple_0,256,polynomial,standard,certified,,6,2,0.038082936385805455,0.0014142498606059713,0.03949718624641143,0.010048100026324391,0.002716099959798157,0.5358777999645099,4,25,1
frequency_2_asym_0.35_ripple_0,256,uncorrected,standard,certified,"[5, 512]",,,0.10696069030768593,0.02064279422453542,0.12760348453222134,0.010158599936403334,0.026049099978990853,1.134411899955012,1,35,1
frequency_2_asym_0.35_ripple_0,256,corrected,standard,certified,"[15, 512]",,,0.11958402297363131,0.009119275518860825,0.12870329849249215,0.010223100078292191,0.02648189989849925,1.2014376000734046,2,34,1
frequency_2_asym_0.35_ripple_0,1024,polynomial,standard,certified,,7,2,0.009416284797047236,0.00032233499346208855,0.009738619790509325,0.039122499991208315,0.0038952999748289585,3.2416055999929085,13,16,1
frequency_2_asym_0.35_ripple_0,1024,uncorrected,standard,certified,"[5, 1024]",,,0.05896377710162603,0.010365665153701731,0.06932944225532776,0.038147500017657876,0.05918300000485033,4.109505100059323,2,34,1
frequency_2_asym_0.35_ripple_0,1024,corrected,standard,certified,"[3, 256]",,,0.01988334465567727,0.0013617436692803448,0.021245088324957615,0.0390698000555858,0.05938140000216663,4.441198699991219,4,31,2
frequency_2_asym_0.35_ripple_0.12,256,polynomial,standard,certified,,5,2,0.1757446526582047,0.003700446032123355,0.17944509869032804,0.010098199942149222,0.0025086000096052885,0.37269679992459714,1,24,5
frequency_2_asym_0.35_ripple_0.12,256,uncorrected,standard,certified,"[5, 512]",,,0.14820415703429762,0.024598268711761146,0.17280242574605878,0.010077700018882751,0.026515800040215254,0.7257348999846727,1,20,16
frequency_2_asym_0.35_ripple_0.12,256,corrected,standard,certified,"[3, 128]",,,0.31641814415519276,0.01156946871283642,0.3279876128680292,0.010206199949607253,0.026715300045907497,0.8566930999513716,4,16,17
frequency_2_asym_0.35_ripple_0.12,1024,polynomial,standard,certified,,8,3,0.014349446620678651,0.0006125309198964827,0.014961977540575133,0.03897870006039739,0.0038975999923422933,1.6927257999777794,1,28,1
frequency_2_asym_0.35_ripple_0.12,1024,uncorrected,standard,certified,"[1, 256]",,,0.06893811518103,0.009863807745670337,0.07880192292670034,0.03838849999010563,0.05344839999452233,3.9422213999787346,1,35,1
frequency_2_asym_0.35_ripple_0.12,1024,corrected,standard,certified,"[9, 1024]",,,0.05197867761915502,0.0015901221583283106,0.05356879977748333,0.03910509997513145,0.05604429997038096,4.594720599940047,5,30,2
frequency_4_asym_0.15_ripple_0,256,polynomial,standard,certified,,6,3,0.09702104379776853,0.006062778876565846,0.10308382267433439,0.010078800027258694,0.004432399990037084,0.44741770008113235,1,28,1
frequency_4_asym_0.15_ripple_0,256,uncorrected,standard,certified,"[5, 512]",,,0.16748279267603097,0.022069509697567265,0.18955230237359824,0.010121200000867248,0.0382252000272274,1.3747161000501364,2,35,0
frequency_4_asym_0.15_ripple_0,256,corrected,standard,certified,"[11, 512]",,,0.18646898410260243,0.007772372998762399,0.19424135710136484,0.010562799987383187,0.03825029998552054,1.3980429000221193,1,36,0
frequency_4_asym_0.15_ripple_0,1024,polynomial,standard,certified,,9,3,0.01614968992864314,0.0011935268271441313,0.01734321675578727,0.03929330001119524,0.005437200074084103,1.7112676000688225,1,28,1
frequency_4_asym_0.15_ripple_0,1024,uncorrected,standard,certified,"[7, 2048]",,,0.08467170847883916,0.0076237162792092555,0.09229542475804842,0.03886600001715124,0.08638090000022203,4.51982060004957,2,35,0
frequency_4_asym_0.15_ripple_0,1024,corrected,standard,certified,"[1, 128]",,,0.028578724435975957,0.001244971714305996,0.029823696150281954,0.03968769998755306,0.07571650005411357,4.784131200052798,3,34,0
frequency_4_asym_0.15_ripple_0.12,256,polynomial,standard,certified,,4,2,0.29236754554185035,0.005358074814634965,0.2977256203564853,0.010298099950887263,0.0030715999891981483,0.15027019998524338,1,6,23
frequency_4_asym_0.15_ripple_0.12,256,uncorrected,standard,certified,"[1, 128]",,,0.22467701401069995,0.01921209390081424,0.2438891079115142,0.010238799965009093,0.04298919998109341,0.614375300006941,1,11,25
frequency_4_asym_0.15_ripple_0.12,256,corrected,standard,certified,"[9, 512]",,,0.5334735672183084,0.008817302785637209,0.5422908700039456,0.016796399955637753,0.04340009996667504,0.7915745999198407,4,8,25
frequency_4_asym_0.15_ripple_0.12,1024,polynomial,standard,certified,,6,2,0.06287108860948454,0.0012224960734871584,0.06409358468297169,0.03921930002979934,0.005646600038744509,1.57271950005088,3,18,9
frequency_4_asym_0.15_ripple_0.12,1024,uncorrected,standard,certified,"[3, 1024]",,,0.10053849520398754,0.0071874636541691345,0.10772595885815667,0.04543219995684922,0.08043480000924319,2.5171216999879107,2,12,23
frequency_4_asym_0.15_ripple_0.12,1024,corrected,standard,certified,"[9, 2048]",,,0.13094193029590187,0.0015177848482417966,0.13245971514414367,0.04029360006097704,0.07696679991204292,2.070760300033726,2,6,29
frequency_4_asym_0.35_ripple_0,256,polynomial,standard,certified,,6,3,0.0768698829417677,0.004522859590495513,0.08139274253226321,0.009975999942980707,0.0032048000721260905,0.40226140001323074,1,26,3
frequency_4_asym_0.35_ripple_0,256,uncorrected,standard,certified,"[1, 128]",,,0.17656395204591813,0.02445743663680117,0.2010213886827193,0.010037199943326414,0.029180000070482492,0.5829660999588668,1,12,24
frequency_4_asym_0.35_ripple_0,256,corrected,standard,certified,"[9, 512]",,,0.38010729531374904,0.007416290106379916,0.38752358542012894,0.010032600024715066,0.029715299955569208,0.8508771000197157,6,7,24
frequency_4_asym_0.35_ripple_0,1024,polynomial,standard,certified,,9,3,0.018985262246008872,0.000736807530140511,0.019722069776149383,0.039233500021509826,0.004921099985949695,2.746663699974306,9,20,1
frequency_4_asym_0.35_ripple_0,1024,uncorrected,standard,certified,"[7, 2048]",,,0.09092003572525885,0.010581687291550452,0.1015017230168093,0.03918199997860938,0.06392550002783537,4.412621199968271,2,35,0
frequency_4_asym_0.35_ripple_0,1024,corrected,standard,certified,"[1, 128]",,,0.0455094277017052,0.001634646697172617,0.047144074398877814,0.03973809990566224,0.06418730004224926,4.383095099939965,1,36,0
frequency_4_asym_0.35_ripple_0.12,256,polynomial,standard,certified,,4,2,0.544825407867603,0.007887058867535416,0.5527124667351384,0.010332399979233742,0.00293810002040118,0.37426119996234775,3,16,11
frequency_4_asym_0.35_ripple_0.12,256,uncorrected,standard,certified,"[1, 128]",,,0.2940736954044244,0.026633438674437963,0.32070713407886237,0.017209899961017072,0.05011810001451522,0.4517437999602407,1,3,33
frequency_4_asym_0.35_ripple_0.12,256,corrected,standard,certified,"[9, 512]",,,0.6829980575891608,0.012607205525345833,0.6956052631145067,0.010400800034403801,0.0508842000272125,0.47645630000624806,2,0,35
frequency_4_asym_0.35_ripple_0.12,1024,polynomial,standard,certified,,6,2,0.05710174462284809,0.0009620081640041035,0.0580637527868522,0.03998080000746995,0.004646599991247058,1.8648964000167325,2,27,1
frequency_4_asym_0.35_ripple_0.12,1024,uncorrected,standard,certified,"[5, 2048]",,,0.10568918495413826,0.008094745043010453,0.11378392999714872,0.03925219993107021,0.059736100025475025,4.225550699979067,2,33,2
frequency_4_asym_0.35_ripple_0.12,1024,corrected,standard,certified,"[3, 512]",,,0.10412723593505895,0.0017361332731607574,0.1058633692082197,0.04602660005912185,0.05966519995126873,4.446964300004765,3,32,2
skew,64,polynomial,standard,certified,,6,3,0.05529282941765248,0.015263033998426075,0.07055586341607856,0.0027212999993935227,0.001948899938724935,0.09076109994202852,1,29,0
skew,128,polynomial,standard,certified,,6,2,0.028030837202831456,0.0023116054172875166,0.03034244262011897,0.005231700022704899,0.0021474999375641346,0.19745720003265887,2,27,1
skew,512,polynomial,standard,certified,,10,3,0.006937405843648544,0.0012047731497313923,0.008142178993379936,0.01982679998036474,0.0027265999233350158,1.2765116000082344,13,16,1
skew,64,uncorrected,standard,certified,"[5, 128]",,,0.1172332889451455,0.045374453036174746,0.16260774198132025,0.0027526000048965216,0.014342100010253489,0.30422499997075647,1,36,0
skew,128,uncorrected,standard,certified,"[1, 64]",,,0.10360919510134473,0.018482184625935833,0.12209137972728056,0.00525970000308007,0.018146999995224178,0.6260182000696659,3,34,0
skew,256,uncorrected,standard,certified,"[7, 512]",,,0.05023294517195659,0.016010624423751865,0.06624356959570846,0.017647900036536157,0.022145000053569674,1.0479732000967488,1,36,0
skew,512,uncorrected,standard,certified,"[1, 128]",,,0.03667529141606705,0.009172178177571814,0.04584746959363886,0.019669300061650574,0.02969140000641346,1.9854040000354871,3,34,0
skew,1024,uncorrected,standard,certified,"[9, 2048]",,,0.020658162924287245,0.005166640431074917,0.025824803355362164,0.03973789990413934,0.046386900008656085,3.7542290999554098,2,35,0
skew,2048,uncorrected,standard,certified,"[5, 2048]",,,0.010554908400679736,0.0028723628601700197,0.013427271260849756,0.0788214000640437,0.09606439992785454,7.551625200081617,2,35,0
skew,4096,uncorrected,standard,certified,"[13, 8192]",,,0.006019336293917199,0.0018676899860298982,0.007887026279947097,0.15499159996397793,0.20096799999009818,14.61545149993617,2,35,0
skew,64,corrected,standard,certified,"[5, 64]",,,0.13487331036952216,0.019744989802498288,0.15461830017202044,0.00271569995675236,0.014858499984256923,0.3545289000030607,4,33,0
skew,128,corrected,standard,certified,"[7, 128]",,,0.0467704446010276,0.006307316791297265,0.05307776139232486,0.005629000021144748,0.018469100003130734,0.6442587999626994,3,34,0
skew,256,corrected,standard,certified,"[1, 32]",,,0.01683944966484779,0.0023591133232998703,0.019198562988147663,0.010016000014729798,0.022303399979136884,1.0875682000769302,2,35,0
skew,512,corrected,standard,certified,"[5, 256]",,,0.006972115004191815,0.0015504879582105972,0.008522602962402412,0.0197317999554798,0.02963530004490167,1.9012218000134453,1,36,0
skew_strong,64,polynomial,standard,certified,,5,3,0.0725409981537177,0.01576048785054194,0.08830148600425963,0.0027051999932155013,0.001988500007428229,0.10437650000676513,1,28,1
skew_strong,128,polynomial,standard,certified,,6,3,0.027748321953377966,0.008440540651567746,0.03618886260494571,0.005201100022532046,0.0022119999630376697,0.2074381000129506,1,29,0
skew_strong,512,polynomial,standard,certified,,9,3,0.006931693967660471,0.0010430454676457368,0.007974739435306208,0.019755200017243624,0.0026988000608980656,0.9964355000993237,5,24,1
skew_strong,64,uncorrected,standard,certified,"[1, 32]",,,0.11266215244891632,0.046015052566409295,0.15867720501532562,0.002779899979941547,0.013310899958014488,0.3362308000214398,1,36,0
skew_strong,128,uncorrected,standard,certified,"[5, 256]",,,0.09533800562884272,0.028794013634829765,0.12413201926367248,0.005223499960266054,0.01720440003555268,0.568775900057517,1,36,0
skew_strong,256,uncorrected,standard,certified,"[7, 512]",,,0.07222193983024632,0.02024235865707946,0.09246429848732578,0.010129399946890771,0.02272350003477186,1.1394585999660194,3,33,1
skew_strong,512,uncorrected,standard,certified,"[9, 1024]",,,0.037108124832886016,0.013046444873234914,0.05015456970612093,0.019317999947816133,0.02954340004362166,1.9848995000356808,1,36,0
skew_strong,1024,uncorrected,standard,certified,"[5, 1024]",,,0.0209526257715349,0.007258104354011179,0.02821073012554608,0.03937050001695752,0.04569870000705123,3.973671399988234,2,35,0
skew_strong,2048,uncorrected,standard,certified,"[5, 2048]",,,0.011196881194829146,0.0036316091977665515,0.014828490392595699,0.08810319995973259,0.08591270004399121,7.541971400030889,1,36,0
skew_strong,4096,uncorrected,standard,certified,"[5, 4096]",,,0.005313967423670376,0.0018164384820085141,0.00713040590567889,0.15809569996781647,0.18884199997410178,14.733660700032488,1,36,0
skew_strong,64,corrected,standard,certified,"[9, 128]",,,0.13599322453994786,0.015070724998161079,0.15106394953810892,0.002728799940086901,0.01347090001218021,0.36436999996658415,2,35,0
skew_strong,128,corrected,standard,certified,"[13, 256]",,,0.06737395289427572,0.011305201221234878,0.0786791541155106,0.005211599986068904,0.01748879998922348,0.6177968999836594,3,34,0
skew_strong,256,corrected,standard,certified,"[1, 32]",,,0.026000759116743644,0.00359817530614971,0.029598934422893353,0.010127199930138886,0.02296360000036657,1.2347203999524936,4,32,1
skew_strong,512,corrected,standard,certified,"[17, 1024]",,,0.007475781962555272,0.0013782495494523933,0.008854031512007665,0.01959119993261993,0.029474099981598556,2.1265058999415487,2,35,0
two_peaks,64,polynomial,standard,certified,,4,2,0.11222478622195786,0.00874562659331342,0.12097041281527128,0.0027140999445691705,0.0017711999826133251,0.07370690000243485,1,15,14
two_peaks,128,polynomial,standard,certified,,4,2,0.08567283767348702,0.004520123738557819,0.09019296141204483,0.0052773000206798315,0.0025496999733150005,0.24262760009150952,3,26,1
two_peaks,512,polynomial,standard,certified,,7,2,0.0152464933825635,0.0015619252217393288,0.01680841860430283,0.019998300005681813,0.0031051000114530325,0.8965450000250712,3,26,1
two_peaks,64,uncorrected,standard,certified,"[1, 32]",,,0.22036398129540893,0.06105643273668793,0.2814204140320969,0.002808900084346533,0.0204401999944821,0.43163250002544373,1,33,3
two_peaks,128,uncorrected,standard,certified,"[5, 256]",,,0.15385350797417374,0.038738586783657276,0.192592094757831,0.005338700022548437,0.023368500056676567,0.6863497000886127,2,33,2
two_peaks,256,uncorrected,standard,certified,"[5, 512]",,,0.1265912482980917,0.019446321775552573,0.14603757007364426,0.010282100061886013,0.025601099943742156,1.1892006000271067,3,34,0
two_peaks,512,uncorrected,standard,certified,"[9, 1024]",,,0.08256341890518012,0.017539677908839153,0.10010309681401927,0.019497000030241907,0.030672799912281334,2.1038783999392763,3,34,0
two_peaks,1024,uncorrected,standard,certified,"[9, 2048]",,,0.0456517485983477,0.008785570752419217,0.05443731935076691,0.03952480002772063,0.04999660002067685,3.898733300040476,2,35,0
two_peaks,2048,uncorrected,standard,certified,"[11, 4096]",,,0.025016669802563236,0.0053734045429506255,0.03039007434551386,0.07799909997265786,0.10492269997484982,7.87195870000869,2,35,0
two_peaks,4096,uncorrected,standard,certified,"[11, 8192]",,,0.015360258768993912,0.002687835812137377,0.01804809458113129,0.16355500009376556,0.1958383999299258,15.43518660007976,2,35,0
two_peaks,8192,uncorrected,standard,certified,"[7, 8192]",,,0.008505846922314023,0.001710788917312017,0.01021663583962604,0.3214865999761969,0.38816530001349747,30.931170800002292,2,35,0
two_peaks,16384,uncorrected,standard,certified,"[7, 16384]",,,0.004177172538823526,0.0008554819996321006,0.0050326545384556266,0.6256219999631867,0.5728025999851525,60.19675229990389,1,36,0
two_peaks,64,corrected,standard,certified,"[1, 16]",,,0.3654442721133996,0.028783018148283962,0.39422729026168357,0.0026860999641939998,0.020712400088086724,0.4556858000578359,1,33,3
two_peaks,128,corrected,standard,certified,"[11, 256]",,,0.16308830949660505,0.016531253073494744,0.1796195625700998,0.005373500054702163,0.024102999945171177,0.7029047000687569,2,33,2
two_peaks,256,corrected,standard,certified,"[15, 512]",,,0.08024479524586867,0.007398958330925923,0.08764375357679459,0.010024899966083467,0.02575650007929653,1.2091782999923453,3,34,0
two_peaks,512,corrected,standard,certified,"[9, 512]",,,0.02987061562153207,0.002515813071603317,0.032386428693135384,0.019620500039309263,0.030989499995484948,1.9868117000441998,1,36,0
two_peaks,1024,corrected,standard,certified,"[21, 2048]",,,0.011609643737671824,0.0011081672829449162,0.01271781102061674,0.03907500009518117,0.052187299937941134,3.8495591999962926,1,36,0
two_peaks,2048,corrected,standard,certified,"[13, 2048]",,,0.005296355544487392,0.00031400788976416755,0.005610363434251559,0.07868000003509223,0.09484270005486906,7.909071800066158,2,34,1
